ec5_uuid,ec5_parent_uuid,created_at,uploaded_at,title,Quarter,Distance_SamplePoint,Tree_Sp,Tag,lat_GPS_Location_tree,long_GPS_Location_tree,accuracy_GPS_Location_tree,UTM_Northing_GPS_Location_tree,UTM_Easting_GPS_Location_tree,UTM_Zone_GPS_Location_tree,Picture_ID
d342cc90-a473-11f0-add5-3312f4da17b6,54abe7e0-2744-49c6-9a38-6864b60785ef,2025-10-08T18:23:02.000Z,2025-10-08T18:24:32.000Z,QIV,QIV,0.89,"Quercus robur (Pedunculated Oak)",5825,51.40911,-0.64499,4,5697952,663782,30U,
9da55da0-a473-11f0-add5-3312f4da17b6,54abe7e0-2744-49c6-9a38-6864b60785ef,2025-10-08T18:21:32.000Z,2025-10-08T18:22:59.000Z,QIII,QIII,0.88,"Betula pendula (Silver Birch)",,51.4091,-0.64499,4,5697951,663782,30U,
5ce08e20-a473-11f0-add5-3312f4da17b6,54abe7e0-2744-49c6-9a38-6864b60785ef,2025-10-08T18:19:43.000Z,2025-10-08T18:21:27.000Z,QII,QII,5.1,"Quercus robur (Pedunculated Oak)",1876,51.40911,-0.64492,4,5697952,663787,30U,
cd49acb0-a472-11f0-add5-3312f4da17b6,54abe7e0-2744-49c6-9a38-6864b60785ef,2025-10-08T18:15:42.000Z,2025-10-08T18:24:57.000Z,QI,QI,9.06,"Quercus robur (Pedunculated Oak)",1875,51.40911,-0.64491,4,5697952,663788,30U,
76e2a530-a471-11f0-b1b0-9b88d8d6ce55,27cebdb8-6d71-4c81-aef1-544f8ee4ef35,2025-10-08T18:06:08.000Z,2025-10-08T18:10:03.000Z,QIV,QIV,4.65,"Quercus robur (Pedunculated Oak)",1688,51.40895,-0.64481,4,5697935,663795,30U,
41812dd0-a471-11f0-b1b0-9b88d8d6ce55,27cebdb8-6d71-4c81-aef1-544f8ee4ef35,2025-10-08T18:04:38.000Z,2025-10-08T18:06:06.000Z,QII,QII,4.28,"Acer pseudoplatanus (Sycamore)",,51.40895,-0.64473,4,5697935,663801,30U,
12071880-a471-11f0-b1b0-9b88d8d6ce55,27cebdb8-6d71-4c81-aef1-544f8ee4ef35,2025-10-08T18:03:18.000Z,2025-10-08T18:04:37.000Z,QI,QI,7.1,"Quercus cerris (Turkish Oak)",5738,51.40895,-0.64474,4,5697935,663800,30U,
a00e4420-a46f-11f0-80a2-ffbafe00721c,6561174b-36c8-43c5-9b28-1d0d9ff4dd93,2025-10-08T17:52:58.000Z,2025-10-08T21:36:32.000Z,QIV,QIV,4.38,"Betula pendula (Silver Birch)",,51.40889,-0.64472,4,5697928,663802,30U,
de8b8a10-a46e-11f0-93a5-9fd49b260d38,6561174b-36c8-43c5-9b28-1d0d9ff4dd93,2025-10-08T17:47:33.000Z,2025-10-08T17:51:14.000Z,QII,QII,4.2,"Betula pendula (Silver Birch)",,51.40891,-0.64469,4,5697931,663804,30U,
eff6ba00-a46d-11f0-93a5-9fd49b260d38,6561174b-36c8-43c5-9b28-1d0d9ff4dd93,2025-10-08T17:40:53.000Z,2025-10-08T17:52:27.000Z,QI,QI,1.12,"Acer pseudoplatanus (Sycamore)",,51.40888,-0.64471,4,5697927,663802,30U,
b60f2e00-a45c-11f0-9650-4f1cba30f35c,faed5360-5fd3-4cdf-b79a-ccb05ac5f621,2025-10-08T15:37:34.000Z,2025-10-08T15:37:52.000Z,QIV,QIV,5.44,,,51.40884,-0.64464,4,5697923,663807,30U,
aa65a520-a45c-11f0-9650-4f1cba30f35c,faed5360-5fd3-4cdf-b79a-ccb05ac5f621,2025-10-08T15:37:15.000Z,2025-10-08T15:37:33.000Z,QIII,QIII,5.6,"Crataegus monogyna (Hawthorn)",,51.40884,-0.64458,4,5697923,663811,30U,
9d9af4d0-a45c-11f0-9650-4f1cba30f35c,faed5360-5fd3-4cdf-b79a-ccb05ac5f621,2025-10-08T15:36:53.000Z,2025-10-08T15:37:13.000Z,QII,QII,6.9,"Quercus robur (Pedunculated Oak)",44,51.40884,-0.64455,4,5697923,663814,30U,
82aa7100-a45c-11f0-9650-4f1cba30f35c,faed5360-5fd3-4cdf-b79a-ccb05ac5f621,2025-10-08T15:36:08.000Z,2025-10-08T15:36:52.000Z,QI,QI,1.5,"Crataegus monogyna (Hawthorn)",,51.40885,-0.64456,4,5697924,663813,30U,
0c1848f0-a45c-11f0-99f0-e3a605fcea0c,5a5f5544-bfcf-47fd-a3e9-1df3b35820f1,2025-10-08T15:32:49.000Z,2025-10-08T15:33:09.000Z,QIV,QIV,2.3,"Acer pseudoplatanus (Sycamore)",,51.40879,-0.64455,4,5697918,663814,30U,
f6c85a30-a45b-11f0-99f0-e3a605fcea0c,5a5f5544-bfcf-47fd-a3e9-1df3b35820f1,2025-10-08T15:32:13.000Z,2025-10-08T15:32:48.000Z,QIII,QIII,4.68,"Quercus robur (Pedunculated Oak)",1792,51.40872,-0.64457,4,5697910,663813,30U,
9c38e940-a45b-11f0-99f0-e3a605fcea0c,5a5f5544-bfcf-47fd-a3e9-1df3b35820f1,2025-10-08T15:29:41.000Z,2025-10-08T15:32:12.000Z,QII,QII,9.4,"Other species",,51.40877,-0.6444,4,5697916,663824,30U,
8905c000-a45b-11f0-99f0-e3a605fcea0c,5a5f5544-bfcf-47fd-a3e9-1df3b35820f1,2025-10-08T15:29:09.000Z,2025-10-08T15:29:40.000Z,QI,QI,11,"Acer pseudoplatanus (Sycamore)",,51.40882,-0.64441,4,5697921,663823,30U,
19ab6440-a45a-11f0-a046-33f50e7c8fb1,6c191c35-f97e-4883-98f4-d4af69dfedcb,2025-10-08T15:18:53.000Z,2025-10-08T15:19:44.000Z,QIV,QIV,0.61,"Acer pseudoplatanus (Sycamore)",,51.40808,-0.64531,4,5697837,663763,30U,
d2983380-a459-11f0-a046-33f50e7c8fb1,6c191c35-f97e-4883-98f4-d4af69dfedcb,2025-10-08T15:16:54.000Z,2025-10-08T15:18:52.000Z,QIII,QIII,6.21,"Quercus robur (Pedunculated Oak)",5689,51.40808,-0.6453,4,5697837,663764,30U,
9fd44a60-a459-11f0-a046-33f50e7c8fb1,6c191c35-f97e-4883-98f4-d4af69dfedcb,2025-10-08T15:15:28.000Z,2025-10-08T15:16:51.000Z,QII,QII,5.19,"Betula pendula (Silver Birch)",,51.40809,-0.64532,4,5697838,663763,30U,
8ea07390-a459-11f0-a046-33f50e7c8fb1,6c191c35-f97e-4883-98f4-d4af69dfedcb,2025-10-08T15:15:00.000Z,2025-10-08T15:15:27.000Z,QI,QI,4.42,"Betula pendula (Silver Birch)",,51.40809,-0.64531,4,5697838,663763,30U,
4f58ce30-a459-11f0-ae98-7f600dcee17d,84f1c311-48da-44f5-a9a3-30e4680e9ed4,2025-10-08T15:13:13.000Z,2025-10-08T15:13:35.000Z,QIV,QIV,7.52,"Crataegus monogyna (Hawthorn)",,51.408,-0.6452,4,5697828,663771,30U,
39ae1540-a459-11f0-ae98-7f600dcee17d,84f1c311-48da-44f5-a9a3-30e4680e9ed4,2025-10-08T15:12:37.000Z,2025-10-08T15:13:12.000Z,QI,QI,4.66,"Crataegus monogyna (Hawthorn)",,51.40803,-0.64518,4,5697832,663773,30U,
c0081d80-a458-11f0-b330-e1f6db5c69eb,12a74366-c06d-4c33-8c84-1c904754b0fc,2025-10-08T15:09:13.000Z,2025-10-08T15:20:23.000Z,QIV,QIV,4.69,"Acer pseudoplatanus (Sycamore)",,51.40806,-0.64504,4,5697835,663782,30U,
b0b032a0-a458-11f0-b330-e1f6db5c69eb,12a74366-c06d-4c33-8c84-1c904754b0fc,2025-10-08T15:08:47.000Z,2025-10-08T15:09:12.000Z,QII,QII,1.34,"Quercus robur (Pedunculated Oak)",1230,51.40807,-0.645,4,5697836,663785,30U,
9b792310-a458-11f0-b330-e1f6db5c69eb,12a74366-c06d-4c33-8c84-1c904754b0fc,2025-10-08T15:08:12.000Z,2025-10-08T15:08:46.000Z,QI,QI,8.84,"Quercus robur (Pedunculated Oak)",1231,51.40811,-0.645,4,5697841,663785,30U,
171fc240-a458-11f0-a870-212a4c6754cf,9a83eb6f-b457-4601-8321-825c0ceca35c,2025-10-08T15:04:30.000Z,2025-10-08T15:06:21.000Z,QIV,QIV,7.5,"Quercus robur (Pedunculated Oak)",1226,51.40806,-0.64489,4,5697836,663793,30U,
c40be7f0-a457-11f0-a870-212a4c6754cf,9a83eb6f-b457-4601-8321-825c0ceca35c,2025-10-08T15:02:10.000Z,2025-10-08T15:04:28.000Z,QIII,QIII,15.46,"Quercus robur (Pedunculated Oak)",1227,51.408,-0.64488,4,5697829,663794,30U,
37ac8ad0-a457-11f0-8362-f9ada18b00d2,0a1ab4bd-d548-4a69-9f92-7ed007a1db55,2025-10-08T14:58:15.000Z,2025-10-08T14:59:17.000Z,QIV,QIV,4.3,"Quercus robur (Pedunculated Oak)",1224,51.40804,-0.64475,4,5697834,663802,30U,
f315cbc0-a456-11f0-8362-f9ada18b00d2,0a1ab4bd-d548-4a69-9f92-7ed007a1db55,2025-10-08T14:56:20.000Z,2025-10-08T14:58:14.000Z,QIII,QIII,10.9,Conifer,,51.40794,-0.64463,4,5697823,663811,30U,
cfe59e00-a456-11f0-8362-f9ada18b00d2,0a1ab4bd-d548-4a69-9f92-7ed007a1db55,2025-10-08T14:55:21.000Z,2025-10-08T14:56:17.000Z,QII,QII,1.3,,,51.40806,-0.64465,4,5697836,663809,30U,
5ad26a40-a455-11f0-9bac-a50de5b7239f,0a1ab4bd-d548-4a69-9f92-7ed007a1db55,2025-10-08T14:44:55.000Z,2025-10-08T14:46:06.000Z,QI,QI,18,"Quercus robur (Pedunculated Oak)",1225,51.4081,-0.64485,4,5697840,663795,30U,
b61b8e72-5a78-49e2-a43d-71531ed4be09,4da13930-c886-4b06-9a2f-c0d7b4e893ca,2025-10-08T13:41:57.000Z,2025-10-08T13:43:38.000Z,QIV,QIV,1,"Quercus robur (Pedunculated Oak)",4559,,,,,,,
44a3bdbf-151c-43cd-af4e-963b51dc90fa,4da13930-c886-4b06-9a2f-c0d7b4e893ca,2025-10-08T13:39:04.000Z,2025-10-08T13:43:34.000Z,QIII,QIII,4,"Quercus robur (Pedunculated Oak)",,,,,,,,
1be873c7-98a9-4b44-b614-2413066aa1da,4da13930-c886-4b06-9a2f-c0d7b4e893ca,2025-10-08T13:35:20.000Z,2025-10-08T13:43:30.000Z,QII,QII,2.5,"Quercus robur (Pedunculated Oak)",,,,,,,,
9850ab9c-d35c-445b-a043-3eb984917dba,4da13930-c886-4b06-9a2f-c0d7b4e893ca,2025-10-08T13:34:11.000Z,2025-10-08T13:43:26.000Z,QI,QI,5,"Acer sp. (Maple)",,,,,,,,
4908cfe7-658e-4a61-b6f9-7e098bd86413,4f59c016-ed9c-4c10-9cae-8278b0b943c9,2025-10-08T13:25:37.000Z,2025-10-08T13:27:18.000Z,QIV,QIV,3.8,"Acer sp. (Maple)",,,,,,,,
a2cd33dd-95f9-4b7e-b6b5-4edb8d8621c8,9c9434f2-81a6-4707-bf41-5e4a09d7ed1b,2025-10-06T15:39:24.000Z,2025-10-06T16:43:27.000Z,QIV,QIV,5.4,"Acer pseudoplatanus (Sycamore)",,51.410978,-0.651412,6,5698145,663329,30U,
223b88b0-7cf5-4881-8bc8-be4ad5f08aa2,9c9434f2-81a6-4707-bf41-5e4a09d7ed1b,2025-10-06T15:36:10.000Z,2025-10-06T16:43:23.000Z,QIII,QIII,340,"Quercus robur (Pedunculated Oak)",2776,51.410973,-0.651381,6,5698145,663331,30U,
2ae9ce40-a0b2-4ac7-812e-dc06baeaf237,9c9434f2-81a6-4707-bf41-5e4a09d7ed1b,2025-10-06T15:33:08.000Z,2025-10-06T16:43:20.000Z,QII,QII,90,"Quercus robur (Pedunculated Oak)",2775,51.411015,-0.651412,4,5698150,663329,30U,
7aea2e4d-6430-4d40-9a29-20a01ddffdba,9c9434f2-81a6-4707-bf41-5e4a09d7ed1b,2025-10-06T15:31:15.000Z,2025-10-06T16:43:17.000Z,QI,QI,13.6,"Quercus robur (Pedunculated Oak)",,51.410966,-0.65142,5,5698144,663328,30U,
d2adcd51-936c-4610-8474-afd380815c1e,a16cbf49-9537-4e30-99b8-49d6e7cb9586,2025-10-06T15:26:58.000Z,2025-10-06T16:43:11.000Z,QIV,QIV,7.8,"Acer pseudoplatanus (Sycamore)",,51.410912,-0.651492,16,5698138,663323,30U,
fdf12e66-5c1c-4db1-8cc4-eb0f5c92db59,a16cbf49-9537-4e30-99b8-49d6e7cb9586,2025-10-06T15:21:23.000Z,2025-10-06T16:43:04.000Z,QIII,QIII,8.6,"Alnus sp (Alder)",,51.410947,-0.651442,6,5698142,663327,30U,
39cca06d-3981-4194-95e5-6244ab4347af,a16cbf49-9537-4e30-99b8-49d6e7cb9586,2025-10-06T15:18:51.000Z,2025-10-06T16:43:00.000Z,QII,QII,12,"Quercus robur (Pedunculated Oak)",671,51.411061,-0.65153,11,5698154,663320,30U,
fa253af5-7b9c-47af-aabf-63d0af840924,a16cbf49-9537-4e30-99b8-49d6e7cb9586,2025-10-06T15:16:14.000Z,2025-10-06T16:42:56.000Z,QI,QI,11.5,"Quercus robur (Pedunculated Oak)",,51.411003,-0.651641,13,5698148,663313,30U,
ec7787d3-134b-436f-9d2d-e438fcfc55f5,d6534418-7cf7-4fce-9a00-39dbb1883609,2025-10-06T15:09:10.000Z,2025-10-06T16:42:49.000Z,QIV,QIV,3.9,"Quercus robur (Pedunculated Oak)",,51.410872,-0.651718,10,5698133,663308,30U,
3f6faad2-1eee-432a-a312-5f102110bc87,d6534418-7cf7-4fce-9a00-39dbb1883609,2025-10-06T15:07:26.000Z,2025-10-06T16:42:46.000Z,QIII,QIII,4,"Acer pseudoplatanus (Sycamore)",,51.410918,-0.651664,8,5698138,663311,30U,
79746716-a072-4ef7-86b8-a8a6a49302ed,d6534418-7cf7-4fce-9a00-39dbb1883609,2025-10-06T15:05:17.000Z,2025-10-06T16:42:43.000Z,QII,QII,4.6,,665,51.411005,-0.65173,14,5698148,663307,30U,
baf57346-c3bf-4d9a-90b2-622a37f6f511,d6534418-7cf7-4fce-9a00-39dbb1883609,2025-10-06T15:03:17.000Z,2025-10-06T16:42:39.000Z,QI,QI,7.9,"Acer pseudoplatanus (Sycamore)",,51.41093,-0.651641,4,5698140,663313,30U,
d415b830-80f1-4362-bcf0-b46700aa3d99,b53ea374-e2ec-4b72-9867-adba476d8d0f,2025-10-06T14:57:13.000Z,2025-10-06T16:42:34.000Z,QIV,QIV,5.2,"Quercus robur (Pedunculated Oak)",,51.41083,-0.65202,5,5698128,663287,30U,
1fc02437-96a6-4a3e-af4b-9543b9ca7598,b53ea374-e2ec-4b72-9867-adba476d8d0f,2025-10-06T14:54:45.000Z,2025-10-06T16:42:31.000Z,QIII,QIII,3.6,"Quercus robur (Pedunculated Oak)",,51.410866,-0.652016,6,5698132,663287,30U,
b566bb26-e351-4eb0-af73-6c90fee616de,b53ea374-e2ec-4b72-9867-adba476d8d0f,2025-10-06T14:53:21.000Z,2025-10-06T16:42:27.000Z,QII,QII,5.8,"Acer pseudoplatanus (Sycamore)",,51.410869,-0.652034,12,5698132,663286,30U,
80c183eb-e866-48d6-a66d-eac95f94dd8b,b53ea374-e2ec-4b72-9867-adba476d8d0f,2025-10-06T14:50:51.000Z,2025-10-06T16:42:24.000Z,QI,QI,2,"Acer pseudoplatanus (Sycamore)",,51.410869,-0.652034,12,5698132,663286,30U,
8b452312-291f-4c23-b0fc-077b9bafcfbf,c97c24fb-d5e6-443f-9e34-3cf8bb4f2c2b,2025-10-06T14:46:46.000Z,2025-10-06T16:42:19.000Z,QIV,QIV,6,"Betula pendula (Silver Birch)",,51.410869,-0.652157,11,5698132,663277,30U,
75cf3f9f-35be-4eba-aef1-9fc1118845f9,c97c24fb-d5e6-443f-9e34-3cf8bb4f2c2b,2025-10-06T14:44:24.000Z,2025-10-06T16:42:15.000Z,QIII,QIII,3.1,"Acer pseudoplatanus (Sycamore)",,51.410836,-0.652171,6,5698128,663276,30U,
042f3ad8-622b-43d6-abb8-013700aadd9b,c97c24fb-d5e6-443f-9e34-3cf8bb4f2c2b,2025-10-06T14:41:18.000Z,2025-10-06T16:42:12.000Z,QII,QII,4.8,"Acer pseudoplatanus (Sycamore)",,51.410888,-0.652198,12,5698134,663274,30U,
270727f7-9bf5-40b1-ae45-5689e1e08454,c97c24fb-d5e6-443f-9e34-3cf8bb4f2c2b,2025-10-06T14:39:21.000Z,2025-10-06T16:42:09.000Z,QI,QI,2.4,"Acer pseudoplatanus (Sycamore)",,51.410862,-0.652135,13,5698131,663279,30U,
ca804355-c7d1-4c51-9b47-f7a5f0ddf0df,cf4dc22b-15fa-4dd7-8d71-f76491b1ed10,2025-10-06T14:12:47.000Z,2025-10-06T16:42:01.000Z,QIV,QIV,3,"Salix sp. (Willow)",,51.412039,-0.650734,18,5698265,663372,30U,
2e0b0399-0103-4308-98a9-c7ae09a47e44,cf4dc22b-15fa-4dd7-8d71-f76491b1ed10,2025-10-06T14:06:56.000Z,2025-10-06T16:41:53.000Z,QIII,QIII,8.5,"Alnus sp (Alder)",,51.411977,-0.650618,9,5698258,663380,30U,
b334e3ca-9927-44f1-8f98-8d628127ef1a,cf4dc22b-15fa-4dd7-8d71-f76491b1ed10,2025-10-06T13:59:33.000Z,2025-10-06T16:41:49.000Z,QII,QII,8,"Alnus sp (Alder)",,51.412058,-0.650617,13,5698267,663380,30U,
d9e8a647-5708-4310-ba16-7fbb876ccaca,cf4dc22b-15fa-4dd7-8d71-f76491b1ed10,2025-10-06T13:54:40.000Z,2025-10-06T16:41:39.000Z,QI,QI,9.6,"Alnus sp (Alder)",,51.411999,-0.650722,6,5698261,663373,30U,
1367c199-6cf6-4c73-b94b-22d2fc7a9e68,ba15e54d-6020-45b7-af31-8ed5c9e11ccb,2025-10-06T13:45:51.000Z,2025-10-06T16:41:34.000Z,QIV,QIV,4.8,"Acer pseudoplatanus (Sycamore)",,51.41193,-0.65073,6,5698253,663373,30U,
e8ae5562-bfce-42fe-b526-1c3c9e01c539,763bedce-49aa-4bf2-9886-692a0abbc6da,2025-10-06T16:01:35.000Z,2025-10-06T16:41:30.000Z,QIV,QIV,9.27,"Alnus sp (Alder)",,51.411955,-0.650604,9,5698256,663381,30U,
69a7a6b2-92cc-4f38-8c19-931a032e0707,ba15e54d-6020-45b7-af31-8ed5c9e11ccb,2025-10-06T13:41:54.000Z,2025-10-06T16:41:30.000Z,QIII,QIII,2,"Acer pseudoplatanus (Sycamore)",,51.4119,-0.650487,7,5698250,663390,30U,
f81770c5-d7fd-4ddb-80f1-a6babe2dea8c,763bedce-49aa-4bf2-9886-692a0abbc6da,2025-10-06T15:57:06.000Z,2025-10-06T16:41:26.000Z,QIII,QIII,6,"Acer sp. (Maple)",,51.412001,-0.650492,5,5698261,663389,30U,
5164b73c-db26-441a-8b68-13a206480391,763bedce-49aa-4bf2-9886-692a0abbc6da,2025-10-06T15:53:40.000Z,2025-10-06T16:41:22.000Z,QII,QII,6.58,"Alnus sp (Alder)",,51.412091,-0.650491,9,5698271,663389,30U,
657a6ad4-216f-4eaf-9cc5-6b80bc3020fd,763bedce-49aa-4bf2-9886-692a0abbc6da,2025-10-06T15:49:54.000Z,2025-10-06T16:41:18.000Z,QI,QI,7.1,"Alnus sp (Alder)",,51.412104,-0.650602,7,5698272,663381,30U,
ba2a8b88-499e-421f-93c4-2f67d10c836d,ba15e54d-6020-45b7-af31-8ed5c9e11ccb,2025-10-06T13:39:12.000Z,2025-10-06T16:41:17.000Z,QII,QII,9,"Quercus robur (Pedunculated Oak)",,51.411905,-0.650629,5,5698250,663380,30U,
c6c067c3-b7b9-4409-8fde-c79c0c3bce98,ba15e54d-6020-45b7-af31-8ed5c9e11ccb,2025-10-06T13:35:32.000Z,2025-10-06T16:41:13.000Z,QI,QI,4.7,"Quercus robur (Pedunculated Oak)",,51.411909,-0.650703,13,5698251,663375,30U,
88044ac8-82bd-4144-801d-daeb616015fa,c4a07ce0-b096-4d88-be6a-6389a7fcb2a4,2025-10-06T15:43:05.000Z,2025-10-06T16:41:12.000Z,QIV,QIV,7.5,"Salix sp. (Willow)",,51.412108,-0.650323,5,5698274,663400,30U,
0c0f1287-8325-461f-b1d7-63920bedc1c7,7b8f1c33-c48a-45a9-b8a0-a32b9274729d,2025-10-06T13:30:15.000Z,2025-10-06T16:41:08.000Z,QIV,QIV,1.8,"Quercus robur (Pedunculated Oak)",2670,51.411773,-0.650602,5,5698236,663382,30U,
e089f3db-55c7-4ed4-9421-1f2030d273b1,c4a07ce0-b096-4d88-be6a-6389a7fcb2a4,2025-10-06T15:38:37.000Z,2025-10-06T16:41:07.000Z,QIII,QIII,11.4,"Salix sp. (Willow)",,51.412086,-0.650108,9,5698272,663415,30U,
26b3f4fe-d462-417d-8820-f8e0f6d2fe4f,7b8f1c33-c48a-45a9-b8a0-a32b9274729d,2025-10-06T13:26:43.000Z,2025-10-06T16:41:04.000Z,QIII,QIII,9.2,"Quercus robur (Pedunculated Oak)",,51.411789,-0.650476,11,5698238,663391,30U,
ac54d965-c9fd-4874-9196-ba8a98201f9a,c4a07ce0-b096-4d88-be6a-6389a7fcb2a4,2025-10-06T15:35:28.000Z,2025-10-06T16:41:02.000Z,QII,QII,2.8,"Acer sp. (Maple)",,51.412168,-0.650235,12,5698280,663406,30U,
689bf25c-d033-4ea2-9abe-a6efc358cff8,7b8f1c33-c48a-45a9-b8a0-a32b9274729d,2025-10-06T13:25:08.000Z,2025-10-06T16:41:01.000Z,QII,QII,4.6,"Quercus robur (Pedunculated Oak)",,51.411802,-0.650549,11,5698239,663386,30U,
db3591da-673c-4995-a7db-ab83bdd09120,c4a07ce0-b096-4d88-be6a-6389a7fcb2a4,2025-10-06T15:32:21.000Z,2025-10-06T16:40:58.000Z,QI,QI,1.73,"Alnus sp (Alder)",,51.412209,-0.650233,4,5698285,663406,30U,
9a23a2d2-e9d0-4ece-b30c-2e2dae21c350,7b8f1c33-c48a-45a9-b8a0-a32b9274729d,2025-10-06T13:23:23.000Z,2025-10-06T16:40:57.000Z,QI,QI,3,"Quercus robur (Pedunculated Oak)",,51.411795,-0.650582,4,5698238,663384,30U,
7698eb4f-fbc1-41e5-b8f0-54b9ad3717f7,bc1b6a9e-2f16-4c0b-b8d3-1cca91da4cd9,2025-10-06T15:28:09.000Z,2025-10-06T16:40:51.000Z,QIV,QIV,4.74,"Acer sp. (Maple)",,51.412203,-0.650108,6,5698285,663415,30U,
de1b4b87-0786-4f63-a8ca-5634913497c2,bc1b6a9e-2f16-4c0b-b8d3-1cca91da4cd9,2025-10-06T15:26:16.000Z,2025-10-06T16:40:47.000Z,QIII,QIII,9.02,"Alnus sp (Alder)",,51.412162,-0.650045,5,5698280,663420,30U,
63faddd7-e7cd-4a0b-a773-91f18808db2b,bc1b6a9e-2f16-4c0b-b8d3-1cca91da4cd9,2025-10-06T15:24:20.000Z,2025-10-06T16:40:43.000Z,QII,QII,6.6,"Acer sp. (Maple)",,51.412235,-0.650033,5,5698288,663420,30U,
752b1fd3-9a22-407d-94f0-54d666b31b83,190e4573-3da0-447e-b8fa-131ec808a9dd,2025-10-06T13:14:19.000Z,2025-10-06T16:40:42.000Z,QIV,QIV,3.8,"Quercus robur (Pedunculated Oak)",2677,51.411601,-0.650609,10,5698217,663382,30U,
93108b16-6a1b-4ecd-95bf-bbbaef5cb2e9,190e4573-3da0-447e-b8fa-131ec808a9dd,2025-10-06T13:11:42.000Z,2025-10-06T16:40:39.000Z,QIII,QIII,8.15,"Quercus robur (Pedunculated Oak)",,51.411669,-0.650492,5,5698224,663390,30U,
314231e7-f69e-4f5b-907c-409221ddd655,bc1b6a9e-2f16-4c0b-b8d3-1cca91da4cd9,2025-10-06T15:21:27.000Z,2025-10-06T16:40:39.000Z,QI,QI,1.3,"Alnus sp (Alder)",,51.412231,-0.650091,5,5698288,663416,30U,
bbc583c3-2b13-468c-a4c0-6a04d556b9f6,190e4573-3da0-447e-b8fa-131ec808a9dd,2025-10-06T13:09:41.000Z,2025-10-06T16:40:36.000Z,QII,QII,4,"Quercus robur (Pedunculated Oak)",,51.411707,-0.650545,11,5698228,663386,30U,
2b498262-a3f4-46a1-a4f2-dab3c07e567c,190e4573-3da0-447e-b8fa-131ec808a9dd,2025-10-06T13:07:13.000Z,2025-10-06T16:40:32.000Z,QI,QI,8,"Quercus robur (Pedunculated Oak)",,51.411695,-0.650624,5,5698227,663381,30U,
53442cc9-b020-4619-8db9-cc3fb010b250,bdcea3a9-b8a8-4f59-8eda-7817f5a82e21,2025-10-06T15:15:42.000Z,2025-10-06T16:40:32.000Z,QIV,QIV,4.35,"Alnus sp (Alder)",,51.412234,-0.650087,8,5698288,663416,30U,
a8a34350-0940-411e-9584-ba3afd56c5c1,bdcea3a9-b8a8-4f59-8eda-7817f5a82e21,2025-10-06T15:10:21.000Z,2025-10-06T16:40:28.000Z,QIII,QIII,3.9,"Alnus sp (Alder)",,51.41219,-0.649956,10,5698283,663426,30U,
662671e4-3f70-4144-b8ff-bdeecc3c374e,21cc0197-bdd9-48e4-9dc7-7dadbca4f73b,2025-10-06T12:57:41.000Z,2025-10-06T16:40:27.000Z,QIV,QIV,8.3,"Acer pseudoplatanus (Sycamore)",,51.411442,-0.650664,9,5698199,663379,30U,
dc41e85c-f096-40dc-834b-1e377a725387,bdcea3a9-b8a8-4f59-8eda-7817f5a82e21,2025-10-06T15:07:25.000Z,2025-10-06T16:40:24.000Z,QII,QII,2.7,"Alnus sp (Alder)",,51.412224,-0.649932,5,5698287,663427,30U,
1aea5a6b-c696-47a0-bcbc-5ff08fde32ad,bdcea3a9-b8a8-4f59-8eda-7817f5a82e21,2025-10-06T15:04:11.000Z,2025-10-06T16:40:20.000Z,QI,QI,6.15,"Acer sp. (Maple)",,51.412287,-0.649958,11,5698294,663425,30U,
e169d3f2-5ad2-4c83-82b5-5ce686e9f48a,8ab0fd06-efb3-4c67-9340-fd43962c01a6,2025-10-06T14:57:10.000Z,2025-10-06T16:40:13.000Z,QIV,QIV,9.88,"Alnus sp (Alder)",,51.412226,-0.649741,13,5698288,663440,30U,
865bc4d4-c3a6-479f-8234-086534fe7991,21cc0197-bdd9-48e4-9dc7-7dadbca4f73b,2025-10-06T12:53:45.000Z,2025-10-06T16:40:09.000Z,QIII,QIII,2.3,"Betula pendula (Silver Birch)",,51.411499,-0.650499,5,5698205,663390,30U,
4f479081-7e8d-4623-90bf-2a46155c88c6,8ab0fd06-efb3-4c67-9340-fd43962c01a6,2025-10-06T14:52:52.000Z,2025-10-06T16:40:08.000Z,QIII,QIII,4,"Alnus sp (Alder)",,51.412259,-0.649754,14,5698292,663439,30U,
716cba15-88c2-4d25-bc4c-33ae63a06bfb,21cc0197-bdd9-48e4-9dc7-7dadbca4f73b,2025-10-06T12:47:27.000Z,2025-10-06T16:40:05.000Z,QII,QII,3.6,"Acer pseudoplatanus (Sycamore)",,51.411551,-0.650513,6,5698211,663389,30U,
ce7170cd-9879-49cb-8f84-55981ce13108,8ab0fd06-efb3-4c67-9340-fd43962c01a6,2025-10-06T14:49:31.000Z,2025-10-06T16:40:02.000Z,QII,QII,6.67,"Alnus sp (Alder)",,51.41231,-0.649828,7,5698297,663434,30U,
54561d00-9fe7-4a45-90dc-b1fb6d476550,8ab0fd06-efb3-4c67-9340-fd43962c01a6,2025-10-06T14:46:41.000Z,2025-10-06T16:39:57.000Z,QI,QI,3.57,"Alnus sp (Alder)",,51.412234,-0.649894,8,5698289,663430,30U,
eae50050-12b1-4379-8abf-6c761728a578,da1d4f84-a7ba-49de-98c0-ae585a707c63,2025-10-06T14:22:48.000Z,2025-10-06T16:39:51.000Z,QIV,QIV,7.47,"Betula pendula (Silver Birch)",,51.412409,-0.64934,14,5698309,663468,30U,
969599fd-ede4-4da4-8ff4-c83d6d3d0d2d,da1d4f84-a7ba-49de-98c0-ae585a707c63,2025-10-06T14:20:44.000Z,2025-10-06T16:39:46.000Z,QIII,QIII,7.7,"Fagus sylvatica (Beech)",,51.412367,-0.649265,5,5698305,663473,30U,
b271c862-1aac-47a2-b68e-5ed1de9f7306,da1d4f84-a7ba-49de-98c0-ae585a707c63,2025-10-06T14:18:40.000Z,2025-10-06T16:39:42.000Z,QII,QII,7.96,"Betula pendula (Silver Birch)",,51.412327,-0.64911,16,5698301,663484,30U,
329f077d-4ecf-40f6-adc5-005947c0838f,da1d4f84-a7ba-49de-98c0-ae585a707c63,2025-10-06T14:16:21.000Z,2025-10-06T16:39:37.000Z,QI,QI,3.22,"Quercus robur (Pedunculated Oak)",4074,51.41236,-0.649234,5,5698304,663475,30U,https://five.epicollect.net/api/media/silwood-masters-woodland-survey?type=photo&format=entry_original&name=329f077d-4ecf-40f6-adc5-005947c0838f_1759760178.jpg
3c6b4081-b404-4666-acf6-d76659910f97,4f46ba3e-d21b-411d-a045-508d5f87c67d,2025-10-06T14:06:50.000Z,2025-10-06T16:39:31.000Z,QIII,QIII,3.3,"Quercus robur (Pedunculated Oak)",,51.412475,-0.649105,5,5698317,663484,30U,
2a59f28c-20a8-44c6-a02a-cd13c1a96684,4f46ba3e-d21b-411d-a045-508d5f87c67d,2025-10-06T14:11:03.000Z,2025-10-06T16:39:27.000Z,QIV,QIV,0.1,"Acer sp. (Maple)",,51.412462,-0.649067,6,5698316,663486,30U,
a27b9c9b-bfc6-4fd1-8ed9-3b96d48fc184,4f46ba3e-d21b-411d-a045-508d5f87c67d,2025-10-06T14:03:50.000Z,2025-10-06T16:39:23.000Z,QII,QII,7.4,"Quercus robur (Pedunculated Oak)",5801,51.412358,-0.649092,12,5698304,663485,30U,https://five.epicollect.net/api/media/silwood-masters-woodland-survey?type=photo&format=entry_original&name=a27b9c9b-bfc6-4fd1-8ed9-3b96d48fc184_1759759423.jpg
72f808c7-247c-4cbf-86fd-7d37f9e395b6,4f46ba3e-d21b-411d-a045-508d5f87c67d,2025-10-06T13:59:58.000Z,2025-10-06T16:39:19.000Z,QI,QI,5.67,"Acer sp. (Maple)",,51.412422,-0.649,13,5698311,663491,30U,
bd56206c-2037-46d2-8b20-116e548eff5f,c6e4fcb2-8db9-43eb-a08f-30513f6ee21e,2025-10-06T13:54:38.000Z,2025-10-06T16:39:13.000Z,QIV,QIV,6.3,"Acer sp. (Maple)",,51.412418,-0.648964,14,5698311,663494,30U,
7495e06e-0d49-488e-9528-2cbbab1953a9,c6e4fcb2-8db9-43eb-a08f-30513f6ee21e,2025-10-06T13:50:40.000Z,2025-10-06T16:39:09.000Z,QIII,QIII,3.72,"Salix sp. (Willow)",,,,,,,,
8b6dc11f-8cf3-4b4e-9471-50c2a065a03c,c6e4fcb2-8db9-43eb-a08f-30513f6ee21e,2025-10-06T13:44:08.000Z,2025-10-06T16:39:05.000Z,QII,QII,3.13,"Acer sp. (Maple)",,51.412372,-0.648895,13,5698306,663499,30U,
e8703072-f478-4b81-bab7-0699da6e79cf,c6e4fcb2-8db9-43eb-a08f-30513f6ee21e,2025-10-06T13:37:34.000Z,2025-10-06T16:39:00.000Z,QI,QI,4.56,"Betula pendula (Silver Birch)",,51.412418,-0.648915,15,5698311,663497,30U,
ac18ffaf-f197-4e98-b0f8-30e06df5cc0b,a10a0f0a-bc82-4a39-8df9-fc8096bd8f8f,2025-10-06T13:24:22.000Z,2025-10-06T16:38:21.000Z,QIV,QIV,9.07,"Quercus robur (Pedunculated Oak)",5828,51.412521,-0.64864,14,5698323,663516,30U,https://five.epicollect.net/api/media/silwood-masters-woodland-survey?type=photo&format=entry_original&name=ac18ffaf-f197-4e98-b0f8-30e06df5cc0b_1759757053.jpg
a1f17a56-cc17-4e58-a875-797576b55567,a10a0f0a-bc82-4a39-8df9-fc8096bd8f8f,2025-10-06T13:20:29.000Z,2025-10-06T16:38:17.000Z,QIII,QIII,8.09,"Quercus robur (Pedunculated Oak)",,,,,,,,
7f16bfa9-8825-40a1-a539-3ed270ae137b,a10a0f0a-bc82-4a39-8df9-fc8096bd8f8f,2025-10-06T13:17:24.000Z,2025-10-06T16:38:09.000Z,QII,QII,10.5,"Quercus robur (Pedunculated Oak)",4086,51.412369,-0.648633,10,5698306,663517,30U,https://five.epicollect.net/api/media/silwood-masters-woodland-survey?type=photo&format=entry_original&name=7f16bfa9-8825-40a1-a539-3ed270ae137b_1759756632.jpg
66c341d2-3bea-49e8-97ae-54a4bea7a8b8,a10a0f0a-bc82-4a39-8df9-fc8096bd8f8f,2025-10-06T13:11:59.000Z,2025-10-06T16:38:05.000Z,QI,QI,2.4,"Betula pendula (Silver Birch)",,51.412483,-0.648591,5,5698319,663520,30U,
22aaf08e-ed97-4a84-8fdf-b70aaf21a17f,acf705ff-27c6-4c68-9880-290eece62dc2,2025-10-06T13:00:23.000Z,2025-10-06T16:37:58.000Z,QIV,QIV,5.07,"Quercus robur (Pedunculated Oak)",,51.412515,-0.648461,5,5698323,663528,30U,
58c38d18-cf6c-4e5f-9dee-a597294d4e10,acf705ff-27c6-4c68-9880-290eece62dc2,2025-10-06T12:57:11.000Z,2025-10-06T16:37:54.000Z,QIII,QIII,10.1,"Quercus robur (Pedunculated Oak)",1817,51.412541,-0.648521,11,5698326,663524,30U,https://five.epicollect.net/api/media/silwood-masters-woodland-survey?type=photo&format=entry_original&name=58c38d18-cf6c-4e5f-9dee-a597294d4e10_1759755415.jpg
f40ec57f-2549-48a1-9207-3278be0d79e4,acf705ff-27c6-4c68-9880-290eece62dc2,2025-10-06T12:42:38.000Z,2025-10-06T16:37:50.000Z,QI,QI,2.76,"Quercus robur (Pedunculated Oak)",1823,51.412501,-0.648428,10,5698321,663531,30U,https://five.epicollect.net/api/media/silwood-masters-woodland-survey?type=photo&format=entry_original&name=f40ec57f-2549-48a1-9207-3278be0d79e4_1759755293.jpg
53fb288b-5d39-4a0b-8501-3a74e06a65bc,acf705ff-27c6-4c68-9880-290eece62dc2,2025-10-06T12:51:18.000Z,2025-10-06T16:37:46.000Z,QII,QII,12,"Quercus robur (Pedunculated Oak)",5878,51.412407,-0.648485,12,5698311,663527,30U,https://five.epicollect.net/api/media/silwood-masters-woodland-survey?type=photo&format=entry_original&name=53fb288b-5d39-4a0b-8501-3a74e06a65bc_1759755070.jpg
7c555629-27f0-4033-9840-746c16d57cde,41c19d14-a7b3-475d-9cb7-1ed00a79a401,2025-10-06T15:52:22.000Z,2025-10-06T16:32:14.000Z,QIV,QIV,5.9,"Alnus sp (Alder)",,51.41477,-0.643767,4,5698584,663847,30U,
1ab1909d-3ea8-4e75-8b03-70d5beb6cac8,41c19d14-a7b3-475d-9cb7-1ed00a79a401,2025-10-06T15:55:13.000Z,2025-10-06T16:32:12.000Z,QIII,QIII,8.2,"Fagus sylvatica (Beech)",,51.414847,-0.643669,26,5698593,663853,30U,
94147b94-2a14-4598-a71b-63b1d3dd1dbc,41c19d14-a7b3-475d-9cb7-1ed00a79a401,2025-10-06T15:53:23.000Z,2025-10-06T16:32:08.000Z,QII,QII,1.1,"Alnus sp (Alder)",,51.414795,-0.643755,4,5698587,663847,30U,
a1265f31-eaab-4f62-8b45-837eec430df2,41c19d14-a7b3-475d-9cb7-1ed00a79a401,2025-10-06T15:51:14.000Z,2025-10-06T16:32:05.000Z,QI,QI,4.1,"Betula pendula (Silver Birch)",,51.414807,-0.643723,4,5698588,663850,30U,
686f0b03-2d15-4b78-a174-6f52bb8e55d4,6e0f83af-1258-4a41-94ae-e76622fbb64f,2025-10-06T15:47:03.000Z,2025-10-06T16:31:59.000Z,QIV,QIV,5.6,"Acer pseudoplatanus (Sycamore)",,51.414715,-0.643508,20,5698579,663865,30U,
2a08d944-f8a5-4834-98bf-30f584772aef,6e0f83af-1258-4a41-94ae-e76622fbb64f,2025-10-06T15:46:07.000Z,2025-10-06T16:31:56.000Z,QIII,QIII,4.3,"Acer pseudoplatanus (Sycamore)",,51.414704,-0.64355,23,5698577,663862,30U,
47c5765b-e096-4b9d-8e86-d3ede44f562f,6e0f83af-1258-4a41-94ae-e76622fbb64f,2025-10-06T15:45:09.000Z,2025-10-06T16:31:53.000Z,QII,QII,3.8,"Corylus avellana (Hazel)",,51.414721,-0.643709,21,5698579,663851,30U,
c43f7d68-8f85-4047-afe9-dade5aa0d05e,6e0f83af-1258-4a41-94ae-e76622fbb64f,2025-10-06T15:44:48.000Z,2025-10-06T16:31:49.000Z,QI,QI,1.7,"Acer pseudoplatanus (Sycamore)",,51.414715,-0.64367,4,5698578,663854,30U,
307429e7-c44c-43e7-85f7-e074f84a4cd7,8d484783-ff04-43ef-b000-5124516a2be2,2025-10-06T15:42:02.000Z,2025-10-06T16:31:43.000Z,QIV,QIV,3.8,"Fagus sylvatica (Beech)",,51.414641,-0.64336,24,5698571,663876,30U,
626209e4-2e19-4b9e-80c3-7ff20fb8e1c1,8d484783-ff04-43ef-b000-5124516a2be2,2025-10-06T15:41:12.000Z,2025-10-06T16:31:40.000Z,QIII,QIII,7,"Fagus sylvatica (Beech)",,51.414688,-0.64343,4,5698576,663870,30U,
c3214f9c-974a-46d9-944c-f1c2b5994cf4,8d484783-ff04-43ef-b000-5124516a2be2,2025-10-06T15:39:46.000Z,2025-10-06T16:31:36.000Z,QII,QII,2.3,"Betula pendula (Silver Birch)",,51.414742,-0.643511,4,5698582,663865,30U,
80883894-8ab0-4def-8faf-fbf0d4c61214,8d484783-ff04-43ef-b000-5124516a2be2,2025-10-06T15:37:30.000Z,2025-10-06T16:31:33.000Z,QI,QI,4.9,"Acer pseudoplatanus (Sycamore)",,51.414684,-0.643521,23,5698575,663864,30U,
e399646f-8f20-4844-a54d-8830d3c17394,dc657bce-6f69-496d-ba03-6b07835d3820,2025-10-06T15:34:15.000Z,2025-10-06T16:31:28.000Z,QIV,QIV,4.4,"Fagus sylvatica (Beech)",,51.414536,-0.643393,8,5698559,663874,30U,
33a11f16-c86a-40bb-91c5-ecd96900481c,dc657bce-6f69-496d-ba03-6b07835d3820,2025-10-06T15:32:59.000Z,2025-10-06T16:31:25.000Z,QIII,QIII,6.4,"Acer pseudoplatanus (Sycamore)",,51.414551,-0.643339,4,5698561,663877,30U,
2e6fcefc-cac9-4fc3-a000-faba0742d4f6,dc657bce-6f69-496d-ba03-6b07835d3820,2025-10-06T15:30:25.000Z,2025-10-06T16:31:21.000Z,QII,QII,1.5,"Fagus sylvatica (Beech)",,51.414625,-0.643462,6,5698569,663868,30U,
b2aa948a-fe9c-4f4c-a678-b57226cc5027,dc657bce-6f69-496d-ba03-6b07835d3820,2025-10-06T15:28:14.000Z,2025-10-06T16:31:18.000Z,QI,QI,2.7,"Betula pendula (Silver Birch)",,51.414618,-0.64352,18,5698568,663864,30U,
79703bcb-eb93-45e1-981b-c51c773ad9ff,de1b79ec-8939-4a24-a99f-8a20d59ea511,2025-10-06T15:22:05.000Z,2025-10-06T16:31:13.000Z,QIV,QIV,6.5,"Corylus avellana (Hazel)",,51.414426,-0.643242,17,5698547,663884,30U,
76fb0cbd-e5bd-42dc-8d1f-7efd3bddfa03,de1b79ec-8939-4a24-a99f-8a20d59ea511,2025-10-06T15:19:38.000Z,2025-10-06T16:31:10.000Z,QIII,QIII,5.1,"Corylus avellana (Hazel)",,51.414433,-0.64319,8,5698548,663888,30U,
d84703c2-f202-400b-ac37-69231666dfaf,de1b79ec-8939-4a24-a99f-8a20d59ea511,2025-10-06T15:16:17.000Z,2025-10-06T16:31:06.000Z,QII,QII,6.4,"Corylus avellana (Hazel)",,51.414511,-0.643132,8,5698557,663892,30U,
b3028eff-6692-4317-9fab-c4279f489308,de1b79ec-8939-4a24-a99f-8a20d59ea511,2025-10-06T15:11:39.000Z,2025-10-06T16:31:03.000Z,QI,QI,7.5,"Acer pseudoplatanus (Sycamore)",,51.41452,-0.643338,5,5698557,663877,30U,
1b5fd292-c150-4662-a0f1-e97de3792cec,b758e5e7-b185-4979-ab89-a6c5d7c5c085,2025-10-06T14:47:31.000Z,2025-10-06T16:30:58.000Z,QIV,QIV,5.7,"Betula pendula (Silver Birch)",3617,51.414408,-0.645397,5,5698540,663735,30U,
7aed8c74-19a7-4aeb-a9ed-556c9dc887d2,b758e5e7-b185-4979-ab89-a6c5d7c5c085,2025-10-06T14:46:09.000Z,2025-10-06T16:30:54.000Z,QIII,QIII,2.5,"Betula pendula (Silver Birch)",,51.414363,-0.645383,4,5698535,663736,30U,
dc5bd4b5-6a2e-4c66-acc2-084272314556,b758e5e7-b185-4979-ab89-a6c5d7c5c085,2025-10-06T14:44:07.000Z,2025-10-06T16:30:51.000Z,QII,QII,1.7,"Betula pendula (Silver Birch)",,51.414415,-0.645309,33,5698541,663741,30U,
6022d683-c1b7-4c60-bf6b-20af835ad8d0,b758e5e7-b185-4979-ab89-a6c5d7c5c085,2025-10-06T14:41:41.000Z,2025-10-06T16:30:48.000Z,QI,QI,1.6,"Betula pendula (Silver Birch)",,51.414445,-0.645319,5,5698545,663740,30U,
a6401411-9d1e-4ac5-bd61-fb269be35d2c,1283875d-fc82-4fc7-97ec-3ba60530c052,2025-10-06T14:39:39.000Z,2025-10-06T16:30:42.000Z,QIV,QIV,2,"Betula pendula (Silver Birch)",,51.41443,-0.645246,12,5698543,663745,30U,
5539e5ba-0c16-416d-8c83-2cb5b0f2db18,1283875d-fc82-4fc7-97ec-3ba60530c052,2025-10-06T14:35:48.000Z,2025-10-06T16:30:39.000Z,QIII,QIII,2.6,"Betula pendula (Silver Birch)",,51.414475,-0.645281,24,5698548,663743,30U,
b5bdcd8f-b623-40cb-bc93-5bffba362c44,1283875d-fc82-4fc7-97ec-3ba60530c052,2025-10-06T14:32:16.000Z,2025-10-06T16:30:36.000Z,QII,QII,0.77,"Betula pendula (Silver Birch)",,51.41444,-0.645332,27,5698544,663739,30U,
e54ed2f3-35dc-4f85-a1fc-3e98c47d6aa8,1283875d-fc82-4fc7-97ec-3ba60530c052,2025-10-06T14:29:40.000Z,2025-10-06T16:30:32.000Z,QI,QI,2.6,"Betula pendula (Silver Birch)",,51.414361,-0.645178,20,5698536,663750,30U,
935cbad8-ce84-4ab1-88a8-a3a86dbe81d1,ccf91cb4-2c29-4bf8-a636-d616244d5f7d,2025-10-06T14:24:31.000Z,2025-10-06T16:30:26.000Z,QIV,QIV,3.6,"Betula pendula (Silver Birch)",,51.414617,-0.645131,26,5698564,663752,30U,
38c47bfb-bce3-4efd-b73b-2f9d17f65459,ccf91cb4-2c29-4bf8-a636-d616244d5f7d,2025-10-06T14:20:54.000Z,2025-10-06T16:30:22.000Z,QIII,QIII,2.4,"Betula pendula (Silver Birch)",,51.414655,-0.645168,32,5698568,663750,30U,
18b78868-60dc-4159-a5fc-88576d858e87,ccf91cb4-2c29-4bf8-a636-d616244d5f7d,2025-10-06T14:17:02.000Z,2025-10-06T16:30:19.000Z,QII,QII,5.9,"Sorbus aucuparia (Rowan)",,51.414534,-0.645272,24,5698555,663743,30U,
929652fa-9ae5-41dc-9004-13cebac13584,ccf91cb4-2c29-4bf8-a636-d616244d5f7d,2025-10-06T14:13:21.000Z,2025-10-06T16:30:16.000Z,QI,QI,1.5,"Betula pendula (Silver Birch)",,51.414538,-0.645118,23,5698555,663754,30U,
d849f9f9-568a-48c7-ab06-94ce7f55b2a4,52715b24-5a83-4cdc-a49a-63eb15b5c7b9,2025-10-06T14:09:53.000Z,2025-10-06T16:30:10.000Z,QII,QII,4.8,"Sorbus aucuparia (Rowan)",,51.414593,-0.645084,22,5698562,663756,30U,
701ddd71-4b00-4231-88fd-9f2bf24c70de,52715b24-5a83-4cdc-a49a-63eb15b5c7b9,2025-10-06T14:06:55.000Z,2025-10-06T16:30:07.000Z,QIII,QIII,7.7,"Acer pseudoplatanus (Sycamore)",,51.414718,-0.64508,28,5698575,663756,30U,
ccb9f04a-ddc2-483b-a660-4c31c10bd7e4,52715b24-5a83-4cdc-a49a-63eb15b5c7b9,2025-10-06T14:05:31.000Z,2025-10-06T16:30:04.000Z,QI,QI,2.4,"Betula pendula (Silver Birch)",,51.41464,-0.644985,22,5698567,663763,30U,
5c82ed7f-3288-43ec-9ae4-c389d4080945,52715b24-5a83-4cdc-a49a-63eb15b5c7b9,2025-10-06T14:03:14.000Z,2025-10-06T16:30:01.000Z,QIV,QIV,6.9,"Salix sp. (Willow)",,51.414725,-0.644909,20,5698577,663768,30U,
036af5cd-79f3-4aa7-8409-e01771bbf90d,82cc380f-51e6-4f8f-bcd8-c97677f35741,2025-10-06T13:37:27.000Z,2025-10-06T16:29:55.000Z,QII,QII,2.1,"Salix sp. (Willow)",,51.414732,-0.6449,17,5698577,663768,30U,
4de6a200-7dcf-4696-8702-e35508732c7e,82cc380f-51e6-4f8f-bcd8-c97677f35741,2025-10-06T13:19:58.000Z,2025-10-06T16:29:52.000Z,QI,QI,2.9,"Acer pseudoplatanus (Sycamore)",3878,51.414811,-0.644888,22,5698586,663769,30U,https://five.epicollect.net/api/media/silwood-masters-woodland-survey?type=photo&format=entry_original&name=4de6a200-7dcf-4696-8702-e35508732c7e_1759756794.jpg
9db89a68-47b0-43fe-a539-30d9df34b620,82cc380f-51e6-4f8f-bcd8-c97677f35741,2025-10-06T13:14:06.000Z,2025-10-06T16:29:48.000Z,QIV,QIV,7.5,"Betula pendula (Silver Birch)",,51.414863,-0.64501,26,5698592,663760,30U,https://five.epicollect.net/api/media/silwood-masters-woodland-survey?type=photo&format=entry_original&name=9db89a68-47b0-43fe-a539-30d9df34b620_1759756438.jpg
969cbdff-94fc-4d5f-b027-12d116a52758,82cc380f-51e6-4f8f-bcd8-c97677f35741,2025-10-06T12:58:06.000Z,2025-10-06T16:29:45.000Z,QIII,QIII,8.6,"Quercus petraea (Sessile Oak)",,51.414737,-0.645008,18,5698578,663761,30U,https://five.epicollect.net/api/media/silwood-masters-woodland-survey?type=photo&format=entry_original&name=969cbdff-94fc-4d5f-b027-12d116a52758_1759755479.jpg
c1e271d0-a45c-43bc-9f77-e85185299ea2,4f59c016-ed9c-4c10-9cae-8278b0b943c9,2025-10-06T15:41:53.000Z,2025-10-06T16:17:55.000Z,QIII,QIII,4.5,"Acer sp. (Maple)",,51.415497,-0.649079,14,5698653,663475,30U,https://five.epicollect.net/api/media/silwood-masters-woodland-survey?type=photo&format=entry_original&name=c1e271d0-a45c-43bc-9f77-e85185299ea2_1759765300.jpg
71971a9f-2b61-4fd6-87f8-1cc9fb79880b,4f59c016-ed9c-4c10-9cae-8278b0b943c9,2025-10-06T15:40:04.000Z,2025-10-06T16:17:51.000Z,QII,QII,3.8,"Quercus robur (Pedunculated Oak)",,51.415484,-0.649105,9,5698652,663473,30U,https://five.epicollect.net/api/media/silwood-masters-woodland-survey?type=photo&format=entry_original&name=71971a9f-2b61-4fd6-87f8-1cc9fb79880b_1759765198.jpg
35dcde81-3d37-4c69-97e2-c5df4258b58f,4f59c016-ed9c-4c10-9cae-8278b0b943c9,2025-10-06T15:38:21.000Z,2025-10-06T16:17:47.000Z,QI,QI,5,"Quercus robur (Pedunculated Oak)",,51.415409,-0.649061,11,5698643,663476,30U,https://five.epicollect.net/api/media/silwood-masters-woodland-survey?type=photo&format=entry_original&name=35dcde81-3d37-4c69-97e2-c5df4258b58f_1759765098.jpg
a6a0b666-2def-4c7a-b6e6-0a2cf95662ad,5b331618-d9c8-4674-bf80-5ccacb1f0db4,2025-10-06T15:46:46.000Z,2025-10-06T16:07:02.000Z,QIV,QIV,7.7,"Salix sp. (Willow)",,,,,,,,
e74b7ee8-601b-445d-a4ce-daa15b114c66,5b331618-d9c8-4674-bf80-5ccacb1f0db4,2025-10-06T15:45:45.000Z,2025-10-06T16:06:58.000Z,QIII,QIII,7.7,"Quercus robur (Pedunculated Oak)",1571,51.413133,-0.640957,12,5698408,664048,30U,https://five.epicollect.net/api/media/silwood-masters-woodland-survey?type=photo&format=entry_original&name=e74b7ee8-601b-445d-a4ce-daa15b114c66_1759765489.jpg
ce7bbad8-abff-43eb-b641-9b3381dd51f8,5b331618-d9c8-4674-bf80-5ccacb1f0db4,2025-10-06T15:44:19.000Z,2025-10-06T16:06:53.000Z,QII,QII,5.1,"Quercus robur (Pedunculated Oak)",,51.413119,-0.640845,5,5698407,664056,30U,https://five.epicollect.net/api/media/silwood-masters-woodland-survey?type=photo&format=entry_original&name=ce7bbad8-abff-43eb-b641-9b3381dd51f8_1759765432.jpg
967ffd34-8602-42cc-a52f-f1d8c7424805,5b331618-d9c8-4674-bf80-5ccacb1f0db4,2025-10-06T15:37:09.000Z,2025-10-06T16:06:49.000Z,QI,QI,3.1,"Quercus robur (Pedunculated Oak)",,51.413187,-0.640876,7,5698415,664053,30U,https://five.epicollect.net/api/media/silwood-masters-woodland-survey?type=photo&format=entry_original&name=967ffd34-8602-42cc-a52f-f1d8c7424805_1759765021.jpg
efde29cc-d8d8-4fae-95d4-176c2a4d6cb9,c2a8a492-5cac-40de-8e36-b9fb1284b1a6,2025-10-06T15:34:00.000Z,2025-10-06T16:03:56.000Z,QIV,QIV,3.1,"Salix sp. (Willow)",,51.413236,-0.640876,12,5698420,664053,30U,https://five.epicollect.net/api/media/silwood-masters-woodland-survey?type=photo&format=entry_original&name=efde29cc-d8d8-4fae-95d4-176c2a4d6cb9_1759764813.jpg
5c983700-501b-42cd-b8f4-8f2b2550070c,c2a8a492-5cac-40de-8e36-b9fb1284b1a6,2025-10-06T15:32:53.000Z,2025-10-06T16:03:51.000Z,QIII,QIII,7.2,"Betula pendula (Silver Birch)",,51.413243,-0.640932,12,5698421,664049,30U,https://five.epicollect.net/api/media/silwood-masters-woodland-survey?type=photo&format=entry_original&name=5c983700-501b-42cd-b8f4-8f2b2550070c_1759764749.jpg
a5824128-f964-42ed-8a0e-b145031d9c4b,c2a8a492-5cac-40de-8e36-b9fb1284b1a6,2025-10-06T15:31:54.000Z,2025-10-06T16:03:45.000Z,QII,QII,3.5,"Quercus robur (Pedunculated Oak)",1576,51.413192,-0.640772,4,5698415,664061,30U,https://five.epicollect.net/api/media/silwood-masters-woodland-survey?type=photo&format=entry_original&name=a5824128-f964-42ed-8a0e-b145031d9c4b_1759764706.jpg
92401ee5-35b9-4765-8fbd-f18ce1d17458,c2a8a492-5cac-40de-8e36-b9fb1284b1a6,2025-10-06T15:30:56.000Z,2025-10-06T16:03:41.000Z,QI,QI,5.2,"Quercus robur (Pedunculated Oak)",1577,51.413214,-0.640738,5,5698418,664063,30U,https://five.epicollect.net/api/media/silwood-masters-woodland-survey?type=photo&format=entry_original&name=92401ee5-35b9-4765-8fbd-f18ce1d17458_1759764640.jpg
574a6206-349a-440d-b6bd-55a37baf6a13,64be5a21-8023-4d76-a2ca-d791ad0c9716,2025-10-06T15:20:15.000Z,2025-10-06T16:03:31.000Z,QIV,QIV,7.3,"Quercus robur (Pedunculated Oak)",1558,51.413329,-0.640649,5,5698431,664069,30U,https://five.epicollect.net/api/media/silwood-masters-woodland-survey?type=photo&format=entry_original&name=574a6206-349a-440d-b6bd-55a37baf6a13_1759764000.jpg
f8a8ef34-904c-4cc8-bd19-5c4cebab7028,64be5a21-8023-4d76-a2ca-d791ad0c9716,2025-10-06T15:17:51.000Z,2025-10-06T15:57:29.000Z,QIII,QIII,10.3,"Acer pseudoplatanus (Sycamore)",,51.413286,-0.640678,5,5698426,664067,30U,https://five.epicollect.net/api/media/silwood-masters-woodland-survey?type=photo&format=entry_original&name=f8a8ef34-904c-4cc8-bd19-5c4cebab7028_1759763868.jpg
d5d831b6-8bdb-4374-a380-9b04139ce997,64be5a21-8023-4d76-a2ca-d791ad0c9716,2025-10-06T15:18:54.000Z,2025-10-06T15:57:25.000Z,QII,QII,6.9,"Quercus robur (Pedunculated Oak)",,51.413273,-0.640607,10,5698425,664072,30U,https://five.epicollect.net/api/media/silwood-masters-woodland-survey?type=photo&format=entry_original&name=d5d831b6-8bdb-4374-a380-9b04139ce997_1759763922.jpg
29975bb8-79e8-470e-9259-28f4f61ed9d8,64be5a21-8023-4d76-a2ca-d791ad0c9716,2025-10-06T15:16:15.000Z,2025-10-06T15:57:21.000Z,QI,QI,3.4,"Salix sp. (Willow)",,51.413353,-0.640598,5,5698434,664072,30U,https://five.epicollect.net/api/media/silwood-masters-woodland-survey?type=photo&format=entry_original&name=29975bb8-79e8-470e-9259-28f4f61ed9d8_1759763588.jpg
ee986d39-d1f2-47cf-94b6-046d85059611,39a25ce7-85c4-4336-9dbd-9129a578d47f,2025-10-06T15:07:02.000Z,2025-10-06T15:57:15.000Z,QIV,QIV,4.1,"Quercus robur (Pedunculated Oak)",1490,51.413455,-0.640498,10,5698445,664079,30U,https://five.epicollect.net/api/media/silwood-masters-woodland-survey?type=photo&format=entry_original&name=ee986d39-d1f2-47cf-94b6-046d85059611_1759763179.jpg
4ed28725-e660-4e22-abb0-413d90329d29,39a25ce7-85c4-4336-9dbd-9129a578d47f,2025-10-06T15:05:46.000Z,2025-10-06T15:57:11.000Z,QIII,QIII,5.4,"Quercus robur (Pedunculated Oak)",157,51.413354,-0.640632,8,5698434,664070,30U,https://five.epicollect.net/api/media/silwood-masters-woodland-survey?type=photo&format=entry_original&name=4ed28725-e660-4e22-abb0-413d90329d29_1759763142.jpg
f636c5a8-3143-4ac0-8560-36400d475c1d,39a25ce7-85c4-4336-9dbd-9129a578d47f,2025-10-06T15:03:16.000Z,2025-10-06T15:57:06.000Z,QI,QI,7.5,"Acer pseudoplatanus (Sycamore)",,51.413365,-0.640378,5,5698436,664087,30U,https://five.epicollect.net/api/media/silwood-masters-woodland-survey?type=photo&format=entry_original&name=f636c5a8-3143-4ac0-8560-36400d475c1d_1759762994.jpg
5d567de8-a836-47d2-9379-eab4d2310408,39a25ce7-85c4-4336-9dbd-9129a578d47f,2025-10-06T15:04:29.000Z,2025-10-06T15:56:56.000Z,QII,QII,9.5,"Quercus robur (Pedunculated Oak)",,51.41329,-0.640446,11,5698427,664083,30U,https://five.epicollect.net/api/media/silwood-masters-woodland-survey?type=photo&format=entry_original&name=5d567de8-a836-47d2-9379-eab4d2310408_1759763059.jpg
586b4281-a4bc-4caf-968e-d9bca4e08b1f,effe3bd8-05fc-475b-a984-90a278b304fa,2025-10-06T14:47:50.000Z,2025-10-06T15:56:50.000Z,QII,QII,8.3,"Quercus cerris (Turkish Oak)",1549,51.413392,-0.640313,4,5698439,664092,30U,https://five.epicollect.net/api/media/silwood-masters-woodland-survey?type=photo&format=entry_original&name=586b4281-a4bc-4caf-968e-d9bca4e08b1f_1759762244.jpg
6f995c3f-1aee-426c-9e22-855956f954dc,effe3bd8-05fc-475b-a984-90a278b304fa,2025-10-06T14:47:34.000Z,2025-10-06T15:56:46.000Z,QI,QI,4.3,"Quercus robur (Pedunculated Oak)",1538,51.413426,-0.640205,4,5698443,664099,30U,https://five.epicollect.net/api/media/silwood-masters-woodland-survey?type=photo&format=entry_original&name=6f995c3f-1aee-426c-9e22-855956f954dc_1759762192.jpg
2bfe80df-5b65-4bfa-863c-ad85cd63939f,effe3bd8-05fc-475b-a984-90a278b304fa,2025-10-06T14:48:20.000Z,2025-10-06T15:56:42.000Z,QIV,QIV,8.6,"Quercus robur (Pedunculated Oak)",,,,,,,,
e0bd1278-b1fe-4e79-b45b-c4f2e8e4652a,effe3bd8-05fc-475b-a984-90a278b304fa,2025-10-06T14:48:06.000Z,2025-10-06T15:56:38.000Z,QIII,QIII,5.3,"Quercus robur (Pedunculated Oak)",,,,,,,,
22f8161d-84bf-4df5-8131-d65c7be207df,5a5f0cf9-84a4-48af-806c-5fab35542740,2025-10-06T14:10:30.000Z,2025-10-06T15:56:31.000Z,QIV,QIV,3.3,"Betula pendula (Silver Birch)",,51.412709,-0.64045,5,5698362,664085,30U,https://five.epicollect.net/api/media/silwood-masters-woodland-survey?type=photo&format=entry_original&name=22f8161d-84bf-4df5-8131-d65c7be207df_1759759773.jpg
5afd7694-6679-4e25-9d14-e66ad521daf2,5a5f0cf9-84a4-48af-806c-5fab35542740,2025-10-06T14:08:30.000Z,2025-10-06T15:56:22.000Z,QIII,QIII,1.8,"Quercus cerris (Turkish Oak)",1451,51.412712,-0.640513,13,5698363,664080,30U,https://five.epicollect.net/api/media/silwood-masters-woodland-survey?type=photo&format=entry_original&name=5afd7694-6679-4e25-9d14-e66ad521daf2_1759759707.jpg
55a0ef18-70f4-4f68-af4a-e4e801f187e8,5a5f0cf9-84a4-48af-806c-5fab35542740,2025-10-06T14:07:33.000Z,2025-10-06T15:56:17.000Z,QII,QII,7.7,"Quercus cerris (Turkish Oak)",,51.412613,-0.640512,9,5698352,664081,30U,https://five.epicollect.net/api/media/silwood-masters-woodland-survey?type=photo&format=entry_original&name=55a0ef18-70f4-4f68-af4a-e4e801f187e8_1759759650.jpg
387b5b95-1c5a-4732-af05-b56b052e40f6,5a5f0cf9-84a4-48af-806c-5fab35542740,2025-10-06T14:06:12.000Z,2025-10-06T15:56:13.000Z,QI,QI,5.8,"Quercus cerris (Turkish Oak)",,51.41273,-0.640404,11,5698365,664088,30U,https://five.epicollect.net/api/media/silwood-masters-woodland-survey?type=photo&format=entry_original&name=387b5b95-1c5a-4732-af05-b56b052e40f6_1759759568.jpg
920c8cb8-5c52-4d97-86ef-c7e715350bb1,9e5ee521-9dc4-4d4e-a38d-c19259a6bd52,2025-10-06T13:41:22.000Z,2025-10-06T15:56:04.000Z,QIV,QIV,6.2,"Quercus cerris (Turkish Oak)",1447,51.41262,-0.640448,17,5698353,664085,30U,https://five.epicollect.net/api/media/silwood-masters-woodland-survey?type=photo&format=entry_original&name=920c8cb8-5c52-4d97-86ef-c7e715350bb1_1759758077.jpg
efa45e41-12fe-4df1-b4d9-fffc09adb1d0,9e5ee521-9dc4-4d4e-a38d-c19259a6bd52,2025-10-06T13:40:49.000Z,2025-10-06T15:55:59.000Z,QIII,QIII,4.8,"Quercus cerris (Turkish Oak)",2333,51.41261,-0.640411,5,5698352,664088,30U,https://five.epicollect.net/api/media/silwood-masters-woodland-survey?type=photo&format=entry_original&name=efa45e41-12fe-4df1-b4d9-fffc09adb1d0_1759758046.jpg
03b54a9c-e724-4723-813d-07632a4aa72e,9e5ee521-9dc4-4d4e-a38d-c19259a6bd52,2025-10-06T13:38:56.000Z,2025-10-06T15:55:53.000Z,QI,QI,7.5,"Betula pendula (Silver Birch)",,51.412627,-0.64029,5,5698354,664096,30U,https://five.epicollect.net/api/media/silwood-masters-woodland-survey?type=photo&format=entry_original&name=03b54a9c-e724-4723-813d-07632a4aa72e_1759757932.jpg
05d9ab8f-3e94-4f85-b880-6dc9ee367147,9e5ee521-9dc4-4d4e-a38d-c19259a6bd52,2025-10-06T13:39:31.000Z,2025-10-06T15:55:49.000Z,QII,QII,0.8,"Acer pseudoplatanus (Sycamore)",,51.412562,-0.640417,12,5698346,664088,30U,https://five.epicollect.net/api/media/silwood-masters-woodland-survey?type=photo&format=entry_original&name=05d9ab8f-3e94-4f85-b880-6dc9ee367147_1759757994.jpg
5d902b1d-bfa4-4920-b15a-3f93d9660448,8df6a00b-d036-44a2-afb1-d1ecff3acfd0,2025-10-06T13:32:16.000Z,2025-10-06T15:55:43.000Z,QIV,QIV,3,"Quercus robur (Pedunculated Oak)",1428,51.41256,-0.640375,14,5698346,664091,30U,https://five.epicollect.net/api/media/silwood-masters-woodland-survey?type=photo&format=entry_original&name=5d902b1d-bfa4-4920-b15a-3f93d9660448_1759757533.jpg
7ebfe019-1705-4ae6-aa92-6be04e99fd25,8df6a00b-d036-44a2-afb1-d1ecff3acfd0,2025-10-06T13:31:35.000Z,2025-10-06T15:55:38.000Z,QIII,QIII,2.9,"Quercus robur (Pedunculated Oak)",1416,51.412522,-0.640392,13,5698342,664089,30U,https://five.epicollect.net/api/media/silwood-masters-woodland-survey?type=photo&format=entry_original&name=7ebfe019-1705-4ae6-aa92-6be04e99fd25_1759757493.jpg
a991008e-4c2b-4dde-b1ff-5b10e4f1e5b9,8df6a00b-d036-44a2-afb1-d1ecff3acfd0,2025-10-06T13:30:58.000Z,2025-10-06T15:55:34.000Z,QII,QII,5.7,"Quercus robur (Pedunculated Oak)",1472,51.412469,-0.640369,5,5698336,664091,30U,https://five.epicollect.net/api/media/silwood-masters-woodland-survey?type=photo&format=entry_original&name=a991008e-4c2b-4dde-b1ff-5b10e4f1e5b9_1759757456.jpg
0352a7da-6b3c-46f1-881f-e19be6239241,8df6a00b-d036-44a2-afb1-d1ecff3acfd0,2025-10-06T13:30:06.000Z,2025-10-06T15:55:30.000Z,QI,QI,9.5,"Quercus robur (Pedunculated Oak)",1425,51.412525,-0.640214,3,5698343,664102,30U,https://five.epicollect.net/api/media/silwood-masters-woodland-survey?type=photo&format=entry_original&name=0352a7da-6b3c-46f1-881f-e19be6239241_1759757403.jpg
4778f919-e59a-4790-8563-54d5129b0dc1,9ffaf024-a937-41c7-8df0-c09753182159,2025-10-06T13:14:37.000Z,2025-10-06T15:55:23.000Z,QII,QII,3.7,"Quercus robur (Pedunculated Oak)",124,51.412423,-0.640245,3,5698331,664100,30U,https://five.epicollect.net/api/media/silwood-masters-woodland-survey?type=photo&format=entry_original&name=4778f919-e59a-4790-8563-54d5129b0dc1_1759756474.jpg
a0f238a0-fb93-4c38-90c7-d40db7ac7029,9ffaf024-a937-41c7-8df0-c09753182159,2025-10-06T13:17:14.000Z,2025-10-06T15:55:19.000Z,QIII,QIII,3.7,"Quercus cerris (Turkish Oak)",,51.412398,-0.640274,5,5698328,664098,30U,https://five.epicollect.net/api/media/silwood-masters-woodland-survey?type=photo&format=entry_original&name=a0f238a0-fb93-4c38-90c7-d40db7ac7029_1759756632.jpg
537488e9-6b1f-481e-b7d0-836efa450e5c,9ffaf024-a937-41c7-8df0-c09753182159,2025-10-06T13:18:30.000Z,2025-10-06T15:55:13.000Z,QI,QI,3.8,"Quercus cerris (Turkish Oak)",1419,51.412426,-0.64023,15,5698331,664101,30U,https://five.epicollect.net/api/media/silwood-masters-woodland-survey?type=photo&format=entry_original&name=537488e9-6b1f-481e-b7d0-836efa450e5c_1759756703.jpg
18d6d391-8612-4cf0-9de4-67e0eaf76b33,9ffaf024-a937-41c7-8df0-c09753182159,2025-10-06T13:13:14.000Z,2025-10-06T15:55:08.000Z,QIV,QIV,6.4,"Quercus cerris (Turkish Oak)",1423,51.412425,-0.640206,5,5698331,664103,30U,https://five.epicollect.net/api/media/silwood-masters-woodland-survey?type=photo&format=entry_original&name=18d6d391-8612-4cf0-9de4-67e0eaf76b33_1759756391.jpg
d2c1781e-78f0-48ed-80c5-d0ce5a7e2f28,5aa35532-a699-48c3-a786-ef205816beff,2025-10-06T13:02:01.000Z,2025-10-06T15:55:00.000Z,QI,QI,16.1,"Acer pseudoplatanus (Sycamore)",,51.412171,-0.64005,12,5698304,664114,30U,https://five.epicollect.net/api/media/silwood-masters-woodland-survey?type=photo&format=entry_original&name=d2c1781e-78f0-48ed-80c5-d0ce5a7e2f28_1759755689.jpg
5098e68e-7261-42a9-b2e3-8b03b787a7e7,5aa35532-a699-48c3-a786-ef205816beff,2025-10-06T12:59:20.000Z,2025-10-06T15:54:54.000Z,QII,QII,8,"Acer pseudoplatanus (Sycamore)",,51.412236,-0.640172,14,5698310,664106,30U,https://five.epicollect.net/api/media/silwood-masters-woodland-survey?type=photo&format=entry_original&name=5098e68e-7261-42a9-b2e3-8b03b787a7e7_1759755502.jpg
7757348a-743e-4187-bf4f-be587380805f,5aa35532-a699-48c3-a786-ef205816beff,2025-10-06T12:51:52.000Z,2025-10-06T15:54:50.000Z,QIV,QIV,6.6,"Acer pseudoplatanus (Sycamore)",,51.412346,-0.640144,12,5698323,664107,30U,https://five.epicollect.net/api/media/silwood-masters-woodland-survey?type=photo&format=entry_original&name=7757348a-743e-4187-bf4f-be587380805f_1759755071.jpg
275f52b8-a068-4597-ad94-fcb41911aaea,5aa35532-a699-48c3-a786-ef205816beff,2025-10-06T12:46:26.000Z,2025-10-06T15:54:45.000Z,QIII,QIII,5.6,"Quercus robur (Pedunculated Oak)",126,51.412326,-0.640079,10,5698321,664112,30U,https://five.epicollect.net/api/media/silwood-masters-woodland-survey?type=photo&format=entry_original&name=275f52b8-a068-4597-ad94-fcb41911aaea_1759754769.jpg
1e0b177c-fae0-4ec8-a1a7-dc2d8418e105,d282e5f5-39d9-4753-b871-9b9f83bac727,2025-10-06T14:28:36.000Z,2025-10-06T15:36:02.000Z,QIII,QIII,12.7,"Quercus petraea (Sessile Oak)",,51.412793,-0.651835,4,5698346,663293,30U,https://five.epicollect.net/api/media/silwood-masters-woodland-survey?type=photo&format=entry_original&name=1e0b177c-fae0-4ec8-a1a7-dc2d8418e105_1759760914.jpg
d2b48375-f80e-42dd-b327-5fe886b53c41,d282e5f5-39d9-4753-b871-9b9f83bac727,2025-10-06T14:27:04.000Z,2025-10-06T15:35:59.000Z,QII,QII,13.2,"Quercus petraea (Sessile Oak)",,51.412728,-0.651822,10,5698339,663294,30U,https://five.epicollect.net/api/media/silwood-masters-woodland-survey?type=photo&format=entry_original&name=d2b48375-f80e-42dd-b327-5fe886b53c41_1759760801.jpg
13654beb-6a25-4247-9786-c253e96a5618,d282e5f5-39d9-4753-b871-9b9f83bac727,2025-10-06T14:20:52.000Z,2025-10-06T15:35:49.000Z,QI,QI,4,"Betula pendula (Silver Birch)",,51.412841,-0.651655,5,5698352,663305,30U,https://five.epicollect.net/api/media/silwood-masters-woodland-survey?type=photo&format=entry_original&name=13654beb-6a25-4247-9786-c253e96a5618_1759760447.jpg
1a8d1130-2fd4-4293-ab5c-a4daa60dea5b,3521c666-21b9-46ad-bcbd-d07997681b35,2025-10-06T14:16:34.000Z,2025-10-06T15:35:41.000Z,QIV,QIV,16.7,"Acer pseudoplatanus (Sycamore)",,51.413111,-0.651741,9,5698382,663298,30U,https://five.epicollect.net/api/media/silwood-masters-woodland-survey?type=photo&format=entry_original&name=1a8d1130-2fd4-4293-ab5c-a4daa60dea5b_1759760188.jpg
c2c04925-00f5-4ed6-b59f-c72cdee3e679,3521c666-21b9-46ad-bcbd-d07997681b35,2025-10-06T14:15:55.000Z,2025-10-06T15:35:38.000Z,QI,QI,9.5,"Betula pendula (Silver Birch)",,51.412965,-0.651824,7,5698366,663293,30U,https://five.epicollect.net/api/media/silwood-masters-woodland-survey?type=photo&format=entry_original&name=c2c04925-00f5-4ed6-b59f-c72cdee3e679_1759760153.jpg
76a51462-bb56-4f49-8817-568756e5b779,6fe588ee-91b6-4df5-84c8-621c3fa34929,2025-10-06T14:10:07.000Z,2025-10-06T15:35:14.000Z,QII,QII,8.6,"Salix sp. (Willow)",,51.412894,-0.651903,13,5698357,663288,30U,https://five.epicollect.net/api/media/silwood-masters-woodland-survey?type=photo&format=entry_original&name=76a51462-bb56-4f49-8817-568756e5b779_1759759799.jpg
34611018-f488-4456-929f-134ad5831fee,6fe588ee-91b6-4df5-84c8-621c3fa34929,2025-10-06T14:15:22.000Z,2025-10-06T15:35:02.000Z,QI,QI,13.2,"Salix sp. (Willow)",,51.413034,-0.65176,7,5698373,663297,30U,https://five.epicollect.net/api/media/silwood-masters-woodland-survey?type=photo&format=entry_original&name=34611018-f488-4456-929f-134ad5831fee_1759760091.jpg
ba32372b-c0b0-4238-8576-48aa21f0f0f4,5e32da63-48a8-4e02-8415-797062b2e7b1,2025-10-06T15:20:15.000Z,2025-10-06T15:34:55.000Z,QII,QII,5,"Acer pseudoplatanus (Sycamore)",,,,,,,,
85ac0c75-59de-451e-bddd-7eb038eed185,65ff1688-ffe3-478b-944e-cbed62aa5cea,2025-10-06T15:18:12.000Z,2025-10-06T15:34:48.000Z,QIV,QIV,7.3,"Other species",,,,,,,,
2df8b606-b07b-4fb9-84e3-f2c7a6f3e343,65ff1688-ffe3-478b-944e-cbed62aa5cea,2025-10-06T15:10:18.000Z,2025-10-06T15:34:33.000Z,QIII,QIII,14.8,"Acer pseudoplatanus (Sycamore)",,,,,,,,
fee3b96f-c53d-4c87-91d5-d43a5c7d487f,65ff1688-ffe3-478b-944e-cbed62aa5cea,2025-10-06T15:07:57.000Z,2025-10-06T15:34:30.000Z,QII,QII,0.5,"Acer pseudoplatanus (Sycamore)",,,,,,,,
0aa304cc-3732-4678-818a-1f1f26abfcb3,65ff1688-ffe3-478b-944e-cbed62aa5cea,2025-10-06T15:06:38.000Z,2025-10-06T15:34:27.000Z,QI,QI,5.5,"Acer pseudoplatanus (Sycamore)",,,,,,,,
dedaa7bf-7951-4362-b7a5-61a424f6c99b,74026bac-9cc6-40d2-a9b8-5a3b0d2046f4,2025-10-06T13:11:09.000Z,2025-10-06T15:34:18.000Z,QIV,QIV,5.6,"Acer pseudoplatanus (Sycamore)",,51.412575,-0.653119,5,5698319,663204,30U,https://five.epicollect.net/api/media/silwood-masters-woodland-survey?type=photo&format=entry_original&name=dedaa7bf-7951-4362-b7a5-61a424f6c99b_1759756266.jpg
15316c88-4827-4b59-8f00-853eab72f883,ea56ba5c-2ec7-4043-8ecc-0f165d2cafaa,2025-10-06T13:10:22.000Z,2025-10-06T15:34:13.000Z,QIV,QIV,11.4,"Betula pendula (Silver Birch)",,51.41271,-0.653385,9,5698334,663185,30U,https://five.epicollect.net/api/media/silwood-masters-woodland-survey?type=photo&format=entry_original&name=15316c88-4827-4b59-8f00-853eab72f883_1759756217.jpg
e0fab41b-d442-421c-8c11-d90c51e4e114,ea56ba5c-2ec7-4043-8ecc-0f165d2cafaa,2025-10-06T13:09:41.000Z,2025-10-06T15:34:10.000Z,QIII,QIII,3.9,"Acer pseudoplatanus (Sycamore)",,51.412662,-0.653293,5,5698329,663192,30U,
8876320d-9247-4243-98ba-a4f629b08875,ea56ba5c-2ec7-4043-8ecc-0f165d2cafaa,2025-10-06T13:09:18.000Z,2025-10-06T15:34:05.000Z,QII,QII,14.3,"Acer pseudoplatanus (Sycamore)",,51.412562,-0.653396,4,5698317,663185,30U,https://five.epicollect.net/api/media/silwood-masters-woodland-survey?type=photo&format=entry_original&name=8876320d-9247-4243-98ba-a4f629b08875_1759756153.jpg
bcb9275f-e78f-4075-9e86-2dab2122830b,ea56ba5c-2ec7-4043-8ecc-0f165d2cafaa,2025-10-06T13:08:24.000Z,2025-10-06T15:34:01.000Z,QI,QI,4.4,"Quercus petraea (Sessile Oak)",,51.412662,-0.653135,4,5698329,663203,30U,
09f2dc33-1b08-4ed5-a0e0-63ac8fea7b63,4845e0c6-3a7a-481b-99a7-363d8db0ada7,2025-10-06T13:07:51.000Z,2025-10-06T15:33:56.000Z,QIV,QIV,6.5,"Betula pendula (Silver Birch)",,51.412738,-0.65322,14,5698337,663197,30U,https://five.epicollect.net/api/media/silwood-masters-woodland-survey?type=photo&format=entry_original&name=09f2dc33-1b08-4ed5-a0e0-63ac8fea7b63_1759756069.jpg
0ca90f7e-bba7-4e7a-8c06-8a03718415a7,4845e0c6-3a7a-481b-99a7-363d8db0ada7,2025-10-06T13:07:16.000Z,2025-10-06T15:33:53.000Z,QIII,QIII,4.2,"Quercus petraea (Sessile Oak)",2014,51.412645,-0.653434,19,5698326,663182,30U,https://five.epicollect.net/api/media/silwood-masters-woodland-survey?type=photo&format=entry_original&name=0ca90f7e-bba7-4e7a-8c06-8a03718415a7_1759756033.jpg
9fab6d99-0734-4aea-ac25-7fc3b037e7fe,4845e0c6-3a7a-481b-99a7-363d8db0ada7,2025-10-06T13:06:47.000Z,2025-10-06T15:33:48.000Z,QII,QII,2.7,"Acer pseudoplatanus (Sycamore)",,51.412642,-0.653233,6,5698326,663196,30U,https://five.epicollect.net/api/media/silwood-masters-woodland-survey?type=photo&format=entry_original&name=9fab6d99-0734-4aea-ac25-7fc3b037e7fe_1759756001.jpg
b88e7209-e9b3-49c5-bafe-8da5e8430378,1dc2a8ba-f620-4b50-b66d-8d13028771a1,2025-10-06T13:06:01.000Z,2025-10-06T15:33:43.000Z,QIV,QIV,2.2,"Quercus petraea (Sessile Oak)",,51.412794,-0.65347,12,5698343,663179,30U,https://five.epicollect.net/api/media/silwood-masters-woodland-survey?type=photo&format=entry_original&name=b88e7209-e9b3-49c5-bafe-8da5e8430378_1759755956.jpg
0009cdf9-ceca-4058-9319-1232e9d1ff75,1dc2a8ba-f620-4b50-b66d-8d13028771a1,2025-10-06T13:05:21.000Z,2025-10-06T15:33:28.000Z,QIII,QIII,,"Corylus avellana (Hazel)",,51.412725,-0.653544,12,5698335,663174,30U,https://five.epicollect.net/api/media/silwood-masters-woodland-survey?type=photo&format=entry_original&name=0009cdf9-ceca-4058-9319-1232e9d1ff75_1759755918.jpg
f5073ae1-0d2d-4643-ae81-2a4bee781848,1dc2a8ba-f620-4b50-b66d-8d13028771a1,2025-10-06T13:01:10.000Z,2025-10-06T15:33:25.000Z,QII,QII,8.4,"Quercus petraea (Sessile Oak)",,51.412664,-0.653414,12,5698328,663184,30U,https://five.epicollect.net/api/media/silwood-masters-woodland-survey?type=photo&format=entry_original&name=f5073ae1-0d2d-4643-ae81-2a4bee781848_1759755665.jpg
823f8f86-ce3f-4cb5-8cc7-288ffbd1ae71,1dc2a8ba-f620-4b50-b66d-8d13028771a1,2025-10-06T12:58:34.000Z,2025-10-06T15:33:22.000Z,QI,QI,3.9,"Betula pendula (Silver Birch)",,51.412829,-0.653456,4,5698347,663180,30U,https://five.epicollect.net/api/media/silwood-masters-woodland-survey?type=photo&format=entry_original&name=823f8f86-ce3f-4cb5-8cc7-288ffbd1ae71_1759755510.jpg
f71f4750-a1f0-4c6b-a107-b21cc2b768b6,2df0ba90-2821-41ef-ac38-0c87591dca33,2025-10-06T12:54:40.000Z,2025-10-06T15:33:17.000Z,QIV,QIV,10,"Fraxinus excelsior (Ash)",,51.413059,-0.653624,6,5698372,663167,30U,https://five.epicollect.net/api/media/silwood-masters-woodland-survey?type=photo&format=entry_original&name=f71f4750-a1f0-4c6b-a107-b21cc2b768b6_1759755277.jpg
514e8e44-c8ed-452b-8ba6-83561c9abea2,e5427677-4e96-499e-906c-eb7ca22daf4a,2025-10-06T15:30:12.000Z,2025-10-06T15:33:14.000Z,QIV,QIV,10,"Quercus robur (Pedunculated Oak)",,51.415521,-0.648737,7,5698657,663499,30U,https://five.epicollect.net/api/media/silwood-masters-woodland-survey?type=photo&format=entry_original&name=514e8e44-c8ed-452b-8ba6-83561c9abea2_1759764608.jpg
331d5036-c7e7-4369-a513-1fce7c2a271a,2df0ba90-2821-41ef-ac38-0c87591dca33,2025-10-06T12:50:19.000Z,2025-10-06T15:33:13.000Z,QIII,QIII,10.3,"Acer pseudoplatanus (Sycamore)",,51.412881,-0.653846,5,5698352,663153,30U,https://five.epicollect.net/api/media/silwood-masters-woodland-survey?type=photo&format=entry_original&name=331d5036-c7e7-4369-a513-1fce7c2a271a_1759755016.jpg
b0f2fbd7-f4ed-4541-bf9e-9bf1356b6236,e5427677-4e96-499e-906c-eb7ca22daf4a,2025-10-06T15:27:39.000Z,2025-10-06T15:33:06.000Z,QIII,QIII,4.7,"Quercus robur (Pedunculated Oak)",,51.415473,-0.648999,9,5698651,663480,30U,https://five.epicollect.net/api/media/silwood-masters-woodland-survey?type=photo&format=entry_original&name=b0f2fbd7-f4ed-4541-bf9e-9bf1356b6236_1759764455.jpg
f315d41a-737c-4384-a309-b9ced35fb37f,2df0ba90-2821-41ef-ac38-0c87591dca33,2025-10-06T12:40:04.000Z,2025-10-06T15:33:04.000Z,QII,QII,4.37,"Corylus avellana (Hazel)",,51.412906,-0.653725,6,5698355,663161,30U,https://five.epicollect.net/api/media/silwood-masters-woodland-survey?type=photo&format=entry_original&name=f315d41a-737c-4384-a309-b9ced35fb37f_1759754396.jpg
75ee9f7b-38d9-47af-8bc9-1a4f671b20f7,e5427677-4e96-499e-906c-eb7ca22daf4a,2025-10-06T15:14:26.000Z,2025-10-06T15:33:01.000Z,QII,QII,8.5,"Fraxinus excelsior (Ash)",,51.415467,-0.648904,14,5698650,663487,30U,https://five.epicollect.net/api/media/silwood-masters-woodland-survey?type=photo&format=entry_original&name=75ee9f7b-38d9-47af-8bc9-1a4f671b20f7_1759763584.jpg
6dd5bd68-4799-4858-834e-c9d7a19ebe1b,2df0ba90-2821-41ef-ac38-0c87591dca33,2025-10-06T12:06:13.000Z,2025-10-06T15:33:00.000Z,QI,QI,2.04,"Quercus petraea (Sessile Oak)",,51.412935,-0.653648,17,5698358,663166,30U,https://five.epicollect.net/api/media/silwood-masters-woodland-survey?type=photo&format=entry_original&name=6dd5bd68-4799-4858-834e-c9d7a19ebe1b_1759754754.jpg
bd12d057-0c55-4976-9e7e-b8dab050b077,e5427677-4e96-499e-906c-eb7ca22daf4a,2025-10-06T15:08:38.000Z,2025-10-06T15:32:55.000Z,QI,QI,3.8,"Quercus robur (Pedunculated Oak)",4579,51.415444,-0.648882,15,5698648,663489,30U,https://five.epicollect.net/api/media/silwood-masters-woodland-survey?type=photo&format=entry_original&name=bd12d057-0c55-4976-9e7e-b8dab050b077_1759763290.jpg
84149b2e-3206-4281-be29-02907ce42849,1da2e82f-2077-4d96-96e7-766c61979e25,2025-10-06T15:00:54.000Z,2025-10-06T15:16:33.000Z,QIV,QIV,7.5,"Quercus robur (Pedunculated Oak)",2135,51.409872,-0.644854,5,5698037,663789,30U,
c6406910-8b1a-420d-b815-fd9ca19b51ae,1da2e82f-2077-4d96-96e7-766c61979e25,2025-10-06T14:59:33.000Z,2025-10-06T15:16:29.000Z,QIII,QIII,7.4,"Acer pseudoplatanus (Sycamore)",,51.409906,-0.644839,5,5698041,663790,30U,
e5441214-6c9f-45db-9f36-ff2d816f2d6a,1da2e82f-2077-4d96-96e7-766c61979e25,2025-10-06T14:58:15.000Z,2025-10-06T15:16:25.000Z,QII,QII,4.4,"Acer pseudoplatanus (Sycamore)",,51.409935,-0.644985,7,5698044,663779,30U,
76a69120-cbd8-40fb-9ffd-22f62587ae6a,1da2e82f-2077-4d96-96e7-766c61979e25,2025-10-06T14:56:07.000Z,2025-10-06T15:16:17.000Z,QI,QI,2.2,"Acer pseudoplatanus (Sycamore)",,51.409896,-0.64491,5,5698040,663785,30U,
5bf72cec-68f0-4183-b300-e0a08105d5bc,a491089c-679a-40c7-acae-f3012229be93,2025-10-06T14:51:26.000Z,2025-10-06T15:16:11.000Z,QIV,QIV,9.2,"Quercus robur (Pedunculated Oak)",,51.40987,-0.645016,8,5698037,663777,30U,
3568f767-d8ac-4276-88de-d50863affc01,a491089c-679a-40c7-acae-f3012229be93,2025-10-06T14:49:18.000Z,2025-10-06T15:16:05.000Z,QIII,QIII,5.8,"Quercus robur (Pedunculated Oak)",,51.409991,-0.644961,5,5698050,663781,30U,
e4a7de75-fb51-4e60-88a3-b0bf68e0da10,a491089c-679a-40c7-acae-f3012229be93,2025-10-06T14:46:49.000Z,2025-10-06T15:16:00.000Z,QI,QI,5.6,"Quercus robur (Pedunculated Oak)",2134,51.409944,-0.645105,10,5698045,663771,30U,
25a688bc-9421-45d2-9996-ab73a28ddd3c,9526c524-c14a-4022-868b-27e590ade432,2025-10-06T14:42:38.000Z,2025-10-06T15:15:52.000Z,QIII,QIII,3.7,"Quercus robur (Pedunculated Oak)",,51.410003,-0.64507,7,5698051,663773,30U,
01e5a1ac-25af-4fd9-b8dd-a552f4081b48,9526c524-c14a-4022-868b-27e590ade432,2025-10-06T14:40:42.000Z,2025-10-06T15:15:48.000Z,QIV,QIV,3.2,"Quercus robur (Pedunculated Oak)",1988,51.409963,-0.645133,6,5698047,663769,30U,
e7836a1b-b34a-404a-8cf9-9a12947239ea,9526c524-c14a-4022-868b-27e590ade432,2025-10-06T14:38:56.000Z,2025-10-06T15:15:44.000Z,QII,QII,8.5,"Quercus robur (Pedunculated Oak)",1986,51.410067,-0.645056,8,5698058,663774,30U,
25cdc767-f6b9-4f63-982c-5674de1cf6f9,9526c524-c14a-4022-868b-27e590ade432,2025-10-06T14:36:11.000Z,2025-10-06T15:15:39.000Z,QI,QI,11,"Quercus robur (Pedunculated Oak)",1991,,,,,,,
ef09f361-6ba0-4b66-bf54-554ed705eb73,f9f0a5d7-8ed4-4ad5-a287-0646dbd7e87d,2025-10-06T14:28:56.000Z,2025-10-06T15:15:31.000Z,QIV,QIV,4.16,"Quercus robur (Pedunculated Oak)",,51.410046,-0.645359,5,5698055,663753,30U,
6822e153-0871-48e0-b1e0-8722f7ac1f94,f9f0a5d7-8ed4-4ad5-a287-0646dbd7e87d,2025-10-06T14:25:48.000Z,2025-10-06T15:15:27.000Z,QIII,QIII,1.43,"Quercus robur (Pedunculated Oak)",1993,51.410095,-0.645338,5,5698061,663754,30U,
08bffd27-53a0-445a-ab62-19813dc09999,360cd381-7add-4f54-931d-32ef4f8e2c0f,2025-10-06T14:21:31.000Z,2025-10-06T15:14:58.000Z,QIV,QIV,7.93,"Quercus robur (Pedunculated Oak)",1995,51.410092,-0.645444,6,5698060,663747,30U,
f64ad41c-a43a-4016-b853-5aec852e39f8,360cd381-7add-4f54-931d-32ef4f8e2c0f,2025-10-06T14:15:59.000Z,2025-10-06T15:14:54.000Z,QIII,QIII,5.11,"Quercus robur (Pedunculated Oak)",2127,51.410148,-0.645505,6,5698066,663742,30U,
f4bf042e-2d64-48fc-8257-d663df0f31c8,360cd381-7add-4f54-931d-32ef4f8e2c0f,2025-10-06T14:10:11.000Z,2025-10-06T15:14:50.000Z,QII,QII,10.84,"Quercus robur (Pedunculated Oak)",,51.410177,-0.645524,5,5698070,663741,30U,
0f3db8c1-b493-42f8-bc8a-69f0a1d348d3,360cd381-7add-4f54-931d-32ef4f8e2c0f,2025-10-06T14:07:21.000Z,2025-10-06T15:14:46.000Z,QI,QI,4.17,"Quercus petraea (Sessile Oak)",,51.410117,-0.645539,5,5698063,663740,30U,
695a02aa-d563-4ad1-b622-2a84a5a4b4c5,52f31e3a-5f61-4223-a78d-666985a18deb,2025-10-06T13:43:00.000Z,2025-10-06T15:14:39.000Z,QIII,QIII,11.33,"Salix sp. (Willow)",,51.410506,-0.646399,5,5698104,663679,30U,
3f90ac6b-6fdf-4181-9c86-e1dfa78ff7ff,52f31e3a-5f61-4223-a78d-666985a18deb,2025-10-06T13:37:49.000Z,2025-10-06T15:14:35.000Z,QIV,QIV,12.5,"Betula pendula (Silver Birch)",,51.410538,-0.646246,5,5698108,663690,30U,
59932b26-a8af-4689-86d5-c3127f55eacc,52f31e3a-5f61-4223-a78d-666985a18deb,2025-10-06T13:33:16.000Z,2025-10-06T15:14:31.000Z,QI,QI,13.09,"Acer pseudoplatanus (Sycamore)",,51.41048,-0.646238,5,5698102,663690,30U,
17eb4a81-7ec6-466f-bb03-f592b3b2c17a,97b8f8e0-62bb-4cfd-8e41-05944a0864de,2025-10-06T13:28:02.000Z,2025-10-06T15:14:24.000Z,QIII,QIII,8.42,"Betula pendula (Silver Birch)",,51.410313,-0.646351,5,5698083,663683,30U,
159537c3-494e-4722-b040-9ef14bfa752e,83b1094d-012c-4e67-a087-ff25364dc73b,2025-10-06T13:16:29.000Z,2025-10-06T15:14:12.000Z,QIV,QIV,16.62,"Acer pseudoplatanus (Sycamore)",,51.410366,-0.646204,5,5698089,663693,30U,
a2577bba-1079-4181-8a41-3ea05c7ab141,83b1094d-012c-4e67-a087-ff25364dc73b,2025-10-06T13:11:08.000Z,2025-10-06T15:14:08.000Z,QII,QII,17.3,"Betula pendula (Silver Birch)",,51.410318,-0.646509,4,5698083,663672,30U,
5ceebacb-207a-4d64-b3c5-f72fe08f7793,50e0accd-db8b-4bec-ab9e-55e3f55a53e4,2025-10-06T12:59:45.000Z,2025-10-06T15:13:54.000Z,QIV,QIV,9.3,"Betula pendula (Silver Birch)",,51.410133,-0.646207,5,5698063,663694,30U,
e7168246-2eab-435c-942e-9b5948bc1b13,50e0accd-db8b-4bec-ab9e-55e3f55a53e4,2025-10-06T12:53:15.000Z,2025-10-06T15:13:46.000Z,QII,QII,11.29,"Betula pendula (Silver Birch)",,51.410079,-0.646173,5,5698057,663696,30U,
9f4cca92-b7a6-4619-8eb3-828085334627,50e0accd-db8b-4bec-ab9e-55e3f55a53e4,2025-10-06T12:44:17.000Z,2025-10-06T15:13:34.000Z,QI,QI,4.92,"Betula pendula (Silver Birch)",,51.410077,-0.646172,5,5698057,663696,30U,
abe14095-29c3-4dff-81d2-72d5e20afcb7,26a571de-7e35-47f8-84fc-fc2090739d59,2025-10-06T14:39:17.000Z,2025-10-06T15:06:06.000Z,QIV,QIV,5.6,"Acer pseudoplatanus (Sycamore)",,51.414287,-0.649276,7,5698518,663465,30U,https://five.epicollect.net/api/media/silwood-masters-woodland-survey?type=photo&format=entry_original&name=abe14095-29c3-4dff-81d2-72d5e20afcb7_1759761554.jpg
76a7371b-bfdf-4ba5-8f74-60eb55515e31,26a571de-7e35-47f8-84fc-fc2090739d59,2025-10-06T14:37:51.000Z,2025-10-06T15:06:02.000Z,QIII,QIII,6.1,"Quercus robur (Pedunculated Oak)",,51.41421,-0.649229,5,5698510,663469,30U,https://five.epicollect.net/api/media/silwood-masters-woodland-survey?type=photo&format=entry_original&name=76a7371b-bfdf-4ba5-8f74-60eb55515e31_1759761469.jpg
75df0c4e-c781-4ea8-9e9d-bfb62ed352db,26a571de-7e35-47f8-84fc-fc2090739d59,2025-10-06T14:36:22.000Z,2025-10-06T15:05:58.000Z,QII,QII,1.39,"Acer pseudoplatanus (Sycamore)",,51.414239,-0.649158,4,5698513,663474,30U,https://five.epicollect.net/api/media/silwood-masters-woodland-survey?type=photo&format=entry_original&name=75df0c4e-c781-4ea8-9e9d-bfb62ed352db_1759761380.jpg
4afdea4a-5560-4be5-b6fc-25c17fb67621,26a571de-7e35-47f8-84fc-fc2090739d59,2025-10-06T14:33:49.000Z,2025-10-06T15:05:54.000Z,QI,QI,0.4,"Acer pseudoplatanus (Sycamore)",,51.414237,-0.649174,4,5698513,663473,30U,https://five.epicollect.net/api/media/silwood-masters-woodland-survey?type=photo&format=entry_original&name=4afdea4a-5560-4be5-b6fc-25c17fb67621_1759761201.jpg
930587db-5057-499e-9ead-e8dfc7c952bf,20dc8428-6ced-4ccb-9803-a81c092c91d4,2025-10-06T14:30:43.000Z,2025-10-06T15:05:48.000Z,QIV,QIV,7,"Acer pseudoplatanus (Sycamore)",,51.414404,-0.649546,6,5698531,663446,30U,https://five.epicollect.net/api/media/silwood-masters-woodland-survey?type=photo&format=entry_original&name=930587db-5057-499e-9ead-e8dfc7c952bf_1759761041.jpg
29bd48ae-fecf-457e-a8dc-bb9a604dfa9d,20dc8428-6ced-4ccb-9803-a81c092c91d4,2025-10-06T14:29:50.000Z,2025-10-06T15:05:44.000Z,QIII,QIII,8.7,"Acer pseudoplatanus (Sycamore)",,51.414229,-0.649515,4,5698511,663449,30U,https://five.epicollect.net/api/media/silwood-masters-woodland-survey?type=photo&format=entry_original&name=29bd48ae-fecf-457e-a8dc-bb9a604dfa9d_1759760978.jpg
019fe015-89dc-44bb-9a92-afdf82abddf2,20dc8428-6ced-4ccb-9803-a81c092c91d4,2025-10-06T14:27:48.000Z,2025-10-06T15:05:40.000Z,QII,QII,,"Quercus cerris (Turkish Oak)",231,51.414381,-0.649389,10,5698528,663457,30U,https://five.epicollect.net/api/media/silwood-masters-woodland-survey?type=photo&format=entry_original&name=019fe015-89dc-44bb-9a92-afdf82abddf2_1759760862.jpg
a6cde27d-81dd-4d6e-b06e-ddac243f1785,20dc8428-6ced-4ccb-9803-a81c092c91d4,2025-10-06T14:25:50.000Z,2025-10-06T15:05:36.000Z,QI,QI,1.1,"Acer pseudoplatanus (Sycamore)",,51.414308,-0.649514,9,5698520,663449,30U,https://five.epicollect.net/api/media/silwood-masters-woodland-survey?type=photo&format=entry_original&name=a6cde27d-81dd-4d6e-b06e-ddac243f1785_1759760743.jpg
26d94d67-595a-4891-8306-409e910de896,26c691bc-68b9-489f-adf3-da5e5fe6c8e2,2025-10-06T14:15:28.000Z,2025-10-06T15:05:30.000Z,QIV,QIV,12.5,"Acer pseudoplatanus (Sycamore)",,51.414665,-0.648144,36,5698563,663543,30U,https://five.epicollect.net/api/media/silwood-masters-woodland-survey?type=photo&format=entry_original&name=26d94d67-595a-4891-8306-409e910de896_1759760622.jpg
58513dfb-8591-4e7b-985f-dbf09c1154ba,26c691bc-68b9-489f-adf3-da5e5fe6c8e2,2025-10-06T14:14:02.000Z,2025-10-06T15:05:26.000Z,QIII,QIII,9,"Acer pseudoplatanus (Sycamore)",,,,,,,,
fb0a8d89-a51d-4649-a961-1fe55f45b5e5,26c691bc-68b9-489f-adf3-da5e5fe6c8e2,2025-10-06T14:12:17.000Z,2025-10-06T15:05:22.000Z,QII,QII,6.1,"Acer pseudoplatanus (Sycamore)",,51.414389,-0.649561,6,5698529,663445,30U,https://five.epicollect.net/api/media/silwood-masters-woodland-survey?type=photo&format=entry_original&name=fb0a8d89-a51d-4649-a961-1fe55f45b5e5_1759759934.jpg
da2f21ca-5844-4d14-964a-2e50e1aa9f72,26c691bc-68b9-489f-adf3-da5e5fe6c8e2,2025-10-06T14:11:36.000Z,2025-10-06T15:05:17.000Z,QI,QI,0.3,"Quercus cerris (Turkish Oak)",230,51.414389,-0.649662,4,5698529,663438,30U,https://five.epicollect.net/api/media/silwood-masters-woodland-survey?type=photo&format=entry_original&name=da2f21ca-5844-4d14-964a-2e50e1aa9f72_1759759887.jpg
a797f3f9-23fa-4cf4-ab85-4624bbe2939c,658874d0-bced-4ecc-9d32-2df382ef538d,2025-10-06T13:59:51.000Z,2025-10-06T15:05:11.000Z,QIV,QIV,7.9,"Acer pseudoplatanus (Sycamore)",,51.414334,-0.649744,3,5698522,663433,30U,https://five.epicollect.net/api/media/silwood-masters-woodland-survey?type=photo&format=entry_original&name=a797f3f9-23fa-4cf4-ab85-4624bbe2939c_1759759188.jpg
213c8a01-055c-4e57-bfcb-0d2d102a6f92,658874d0-bced-4ecc-9d32-2df382ef538d,2025-10-06T13:58:29.000Z,2025-10-06T15:05:06.000Z,QI,QI,3.4,"Ulmus sp. (Elm)",,51.414436,-0.649722,7,5698534,663434,30U,https://five.epicollect.net/api/media/silwood-masters-woodland-survey?type=photo&format=entry_original&name=213c8a01-055c-4e57-bfcb-0d2d102a6f92_1759759107.jpg
a42afd8d-411c-45c4-8995-a7f179fa78c4,658874d0-bced-4ecc-9d32-2df382ef538d,2025-10-06T13:50:18.000Z,2025-10-06T15:05:00.000Z,QII,QII,2.54,"Acer pseudoplatanus (Sycamore)",,51.414411,-0.649684,7,5698531,663437,30U,https://five.epicollect.net/api/media/silwood-masters-woodland-survey?type=photo&format=entry_original&name=a42afd8d-411c-45c4-8995-a7f179fa78c4_1759758616.jpg
373f0fba-3b6b-419f-95e8-82e3ce7f3dea,658874d0-bced-4ecc-9d32-2df382ef538d,2025-10-06T13:52:50.000Z,2025-10-06T15:04:56.000Z,QIII,QIII,2.1,"Ulmus sp. (Elm)",,51.414398,-0.649711,7,5698530,663435,30U,https://five.epicollect.net/api/media/silwood-masters-woodland-survey?type=photo&format=entry_original&name=373f0fba-3b6b-419f-95e8-82e3ce7f3dea_1759758769.jpg
9b16bcbf-f703-4934-8f14-a6eac99e437d,74dbfe85-1ad0-465d-beb9-8f2d0744e59f,2025-10-06T13:47:37.000Z,2025-10-06T15:04:49.000Z,QIV,QIV,3.65,"Ulmus sp. (Elm)",,51.414457,-0.649751,4,5698536,663432,30U,https://five.epicollect.net/api/media/silwood-masters-woodland-survey?type=photo&format=entry_original&name=9b16bcbf-f703-4934-8f14-a6eac99e437d_1759758454.jpg
5ed729b9-2841-487a-a643-d4d7f9730551,74dbfe85-1ad0-465d-beb9-8f2d0744e59f,2025-10-06T13:43:09.000Z,2025-10-06T15:04:45.000Z,QIII,QIII,4.7,"Acer pseudoplatanus (Sycamore)",,51.414452,-0.649786,3,5698535,663429,30U,https://five.epicollect.net/api/media/silwood-masters-woodland-survey?type=photo&format=entry_original&name=5ed729b9-2841-487a-a643-d4d7f9730551_1759758186.jpg
5397f6b9-4fb2-4b84-b3c5-307a922b81be,74dbfe85-1ad0-465d-beb9-8f2d0744e59f,2025-10-06T13:40:53.000Z,2025-10-06T15:04:41.000Z,QII,QII,4,"Acer pseudoplatanus (Sycamore)",,51.414468,-0.649917,6,5698537,663420,30U,https://five.epicollect.net/api/media/silwood-masters-woodland-survey?type=photo&format=entry_original&name=5397f6b9-4fb2-4b84-b3c5-307a922b81be_1759758049.jpg
83a9b51e-54c2-4b36-87aa-63bcb739849b,74dbfe85-1ad0-465d-beb9-8f2d0744e59f,2025-10-06T13:37:24.000Z,2025-10-06T15:04:37.000Z,QI,QI,0.62,"Acer pseudoplatanus (Sycamore)",,51.414435,-0.649748,4,5698534,663432,30U,https://five.epicollect.net/api/media/silwood-masters-woodland-survey?type=photo&format=entry_original&name=83a9b51e-54c2-4b36-87aa-63bcb739849b_1759757842.jpg
032ce083-9022-42e1-9ca8-5ad6cda21656,0d1e88aa-b6f7-4dc4-b644-ccd7ae5cb3e2,2025-10-06T13:17:27.000Z,2025-10-06T15:04:31.000Z,QIII,QIII,4.14,"Quercus robur (Pedunculated Oak)",,51.414722,-0.650425,8,5698564,663384,30U,https://five.epicollect.net/api/media/silwood-masters-woodland-survey?type=photo&format=entry_original&name=032ce083-9022-42e1-9ca8-5ad6cda21656_1759756644.jpg
1b6ce3dc-3973-4625-a1f3-1a5129ae74f8,8dd82632-7694-4efa-babc-9ecb2a109d20,2025-10-06T14:46:45.000Z,2025-10-06T14:48:02.000Z,QIV,QIV,4.8,"Betula pendula (Silver Birch)",,51.415522,-0.64754,12,5698659,663582,30U,https://five.epicollect.net/api/media/silwood-masters-woodland-survey?type=photo&format=entry_original&name=1b6ce3dc-3973-4625-a1f3-1a5129ae74f8_1759761992.jpg
c6aad0f8-0be2-4e99-9389-d93a4150c1e2,8dd82632-7694-4efa-babc-9ecb2a109d20,2025-10-06T14:44:16.000Z,2025-10-06T14:47:58.000Z,QIII,QIII,4.6,"Betula pendula (Silver Birch)",2082,51.415554,-0.647475,17,5698663,663586,30U,https://five.epicollect.net/api/media/silwood-masters-woodland-survey?type=photo&format=entry_original&name=c6aad0f8-0be2-4e99-9389-d93a4150c1e2_1759761835.jpg
8a2d5786-a93d-48b2-9d48-28f2f33d820a,8dd82632-7694-4efa-babc-9ecb2a109d20,2025-10-06T14:39:20.000Z,2025-10-06T14:47:54.000Z,QII,QII,5.2,Conifer,,51.415576,-0.64749,15,5698665,663585,30U,https://five.epicollect.net/api/media/silwood-masters-woodland-survey?type=photo&format=entry_original&name=8a2d5786-a93d-48b2-9d48-28f2f33d820a_1759761532.jpg
adcbcaad-de12-4749-bee3-26ebfc0b264e,8dd82632-7694-4efa-babc-9ecb2a109d20,2025-10-06T14:31:57.000Z,2025-10-06T14:47:50.000Z,QI,QI,2.5,Conifer,,51.415526,-0.647525,12,5698660,663583,30U,https://five.epicollect.net/api/media/silwood-masters-woodland-survey?type=photo&format=entry_original&name=adcbcaad-de12-4749-bee3-26ebfc0b264e_1759761085.jpg
82465a51-983e-4abe-81df-9970cd26604a,3af81a8d-89dd-41de-b9da-54e276f6c5c1,2025-10-06T14:24:59.000Z,2025-10-06T14:25:58.000Z,QIV,QIV,5.7,"Other species",,51.41541,-0.647567,9,5698647,663580,30U,https://five.epicollect.net/api/media/silwood-masters-woodland-survey?type=photo&format=entry_original&name=82465a51-983e-4abe-81df-9970cd26604a_1759760602.jpg
0ae910e2-d1ac-4851-b447-6e4cbc1bb270,3af81a8d-89dd-41de-b9da-54e276f6c5c1,2025-10-06T14:20:58.000Z,2025-10-06T14:25:53.000Z,QIII,QIII,1.6,"Other species",,51.415448,-0.647522,19,5698651,663583,30U,https://five.epicollect.net/api/media/silwood-masters-woodland-survey?type=photo&format=entry_original&name=0ae910e2-d1ac-4851-b447-6e4cbc1bb270_1759760414.jpg
bd2acc4a-26c4-4b26-a1e5-f938270f2167,3af81a8d-89dd-41de-b9da-54e276f6c5c1,2025-10-06T14:18:04.000Z,2025-10-06T14:25:49.000Z,QII,QII,1.1,"Fagus sylvatica (Beech)",,51.415425,-0.647481,8,5698649,663586,30U,https://five.epicollect.net/api/media/silwood-masters-woodland-survey?type=photo&format=entry_original&name=bd2acc4a-26c4-4b26-a1e5-f938270f2167_1759760266.jpg
b8e37795-fb2b-4eaa-b43d-7052b7994001,3af81a8d-89dd-41de-b9da-54e276f6c5c1,2025-10-06T14:13:27.000Z,2025-10-06T14:25:44.000Z,QI,QI,3.3,"Betula pendula (Silver Birch)",1082,51.41549,-0.647482,10,5698656,663586,30U,https://five.epicollect.net/api/media/silwood-masters-woodland-survey?type=photo&format=entry_original&name=b8e37795-fb2b-4eaa-b43d-7052b7994001_1759760003.jpg
6aaae57a-c7be-4d16-a07a-a924250ac5c3,0d1e88aa-b6f7-4dc4-b644-ccd7ae5cb3e2,2025-10-06T13:18:28.000Z,2025-10-06T15:04:28.000Z,QIV,QIV,3.7,"Betula pendula (Silver Birch)",,51.414805,-0.650338,4,5698573,663390,30U,https://five.epicollect.net/api/media/silwood-masters-woodland-survey?type=photo&format=entry_original&name=6aaae57a-c7be-4d16-a07a-a924250ac5c3_1759756706.jpg
af553841-f2a6-4dd6-8e16-2139adcc325a,0d1e88aa-b6f7-4dc4-b644-ccd7ae5cb3e2,2025-10-06T13:15:46.000Z,2025-10-06T14:08:13.000Z,QII,QII,6,,,51.414714,-0.650345,4,5698563,663390,30U,https://five.epicollect.net/api/media/silwood-masters-woodland-survey?type=photo&format=entry_original&name=af553841-f2a6-4dd6-8e16-2139adcc325a_1759756544.jpg
ff1a31d5-bd87-4142-bb6d-a284e480816c,0d1e88aa-b6f7-4dc4-b644-ccd7ae5cb3e2,2025-10-06T13:13:47.000Z,2025-10-06T14:08:09.000Z,QI,QI,3.1,"Betula pendula (Silver Birch)",,51.414795,-0.65035,4,5698572,663389,30U,https://five.epicollect.net/api/media/silwood-masters-woodland-survey?type=photo&format=entry_original&name=ff1a31d5-bd87-4142-bb6d-a284e480816c_1759756420.jpg
2b12cf90-f746-4870-bb71-0362537cfb30,e92e3886-3f64-4181-9cec-9ba0db5fb85c,2025-10-06T13:10:24.000Z,2025-10-06T14:08:01.000Z,QIV,QIV,4.2,"Acer pseudoplatanus (Sycamore)",,51.414693,-0.650381,8,5698561,663387,30U,https://five.epicollect.net/api/media/silwood-masters-woodland-survey?type=photo&format=entry_original&name=2b12cf90-f746-4870-bb71-0362537cfb30_1759756179.jpg
67992d42-2258-4e66-8ea3-2c53149e8282,e92e3886-3f64-4181-9cec-9ba0db5fb85c,2025-10-06T13:08:12.000Z,2025-10-06T14:07:57.000Z,QIII,QIII,7.4,"Betula pendula (Silver Birch)",,51.414682,-0.650523,9,5698559,663377,30U,https://five.epicollect.net/api/media/silwood-masters-woodland-survey?type=photo&format=entry_original&name=67992d42-2258-4e66-8ea3-2c53149e8282_1759756086.jpg
8c9a2656-7bfe-4302-8919-7d3c72351d77,e92e3886-3f64-4181-9cec-9ba0db5fb85c,2025-10-06T13:05:34.000Z,2025-10-06T14:07:52.000Z,QII,QII,2.74,"Quercus robur (Pedunculated Oak)",4163,51.414646,-0.650522,5,5698555,663378,30U,https://five.epicollect.net/api/media/silwood-masters-woodland-survey?type=photo&format=entry_original&name=8c9a2656-7bfe-4302-8919-7d3c72351d77_1759755927.jpg
3decca07-9294-4e74-99ff-584f112e04a3,e92e3886-3f64-4181-9cec-9ba0db5fb85c,2025-10-06T13:04:06.000Z,2025-10-06T14:07:48.000Z,QI,QI,3.22,"Acer pseudoplatanus (Sycamore)",4165,51.414603,-0.650385,6,5698551,663387,30U,https://five.epicollect.net/api/media/silwood-masters-woodland-survey?type=photo&format=entry_original&name=3decca07-9294-4e74-99ff-584f112e04a3_1759755844.jpg
0ebf7230-88b6-41e4-8e5e-b8ff52ae609f,2e45fab7-89ae-4c4c-8ac8-9e48f3d34bb6,2025-10-06T13:00:07.000Z,2025-10-06T14:07:41.000Z,QIV,QIV,14,,1957,51.414442,-0.650396,7,5698533,663387,30U,https://five.epicollect.net/api/media/silwood-masters-woodland-survey?type=photo&format=entry_original&name=0ebf7230-88b6-41e4-8e5e-b8ff52ae609f_1759755603.jpg
d621e3fc-9013-4253-8102-e5e83c40ca68,2e45fab7-89ae-4c4c-8ac8-9e48f3d34bb6,2025-10-06T12:57:53.000Z,2025-10-06T14:07:36.000Z,QII,QII,7.5,"Acer pseudoplatanus (Sycamore)",,51.414575,-0.65054,5,5698547,663377,30U,https://five.epicollect.net/api/media/silwood-masters-woodland-survey?type=photo&format=entry_original&name=d621e3fc-9013-4253-8102-e5e83c40ca68_1759755470.jpg
8cc71140-4a5c-4e48-b291-2d31974aef77,2e45fab7-89ae-4c4c-8ac8-9e48f3d34bb6,2025-10-06T12:52:46.000Z,2025-10-06T14:07:31.000Z,QIII,QIII,3.7,"Quercus robur (Pedunculated Oak)",,51.414567,-0.650632,5,5698546,663370,30U,https://five.epicollect.net/api/media/silwood-masters-woodland-survey?type=photo&format=entry_original&name=8cc71140-4a5c-4e48-b291-2d31974aef77_1759755130.jpg
2823b8ce-5616-45a3-82c1-68e8b3535f98,2e45fab7-89ae-4c4c-8ac8-9e48f3d34bb6,2025-10-06T12:49:55.000Z,2025-10-06T14:07:27.000Z,QI,QI,3.6,"Betula pendula (Silver Birch)",,51.414553,-0.650589,4,5698545,663373,30U,https://five.epicollect.net/api/media/silwood-masters-woodland-survey?type=photo&format=entry_original&name=2823b8ce-5616-45a3-82c1-68e8b3535f98_1759754993.jpg
cc29f1f3-aebc-4e1c-acb6-90a1faa9a4b2,c849b3ef-1033-49b0-bac9-a6d44eb670cd,2025-10-06T12:43:52.000Z,2025-10-06T14:07:18.000Z,QIV,QIV,9.6,"Betula pendula (Silver Birch)",,,,,,,,https://five.epicollect.net/api/media/silwood-masters-woodland-survey?type=photo&format=entry_original&name=cc29f1f3-aebc-4e1c-acb6-90a1faa9a4b2_1759754626.jpg
1dcb521b-15e4-45cd-b693-a345d52ad493,c849b3ef-1033-49b0-bac9-a6d44eb670cd,2025-10-06T12:40:47.000Z,2025-10-06T14:07:13.000Z,QIII,QIII,12.3,"Betula pendula (Silver Birch)",,51.414503,-0.650813,5,5698539,663358,30U,https://five.epicollect.net/api/media/silwood-masters-woodland-survey?type=photo&format=entry_original&name=1dcb521b-15e4-45cd-b693-a345d52ad493_1759754445.jpg
8125d4da-054a-4619-b810-3d2f8fc07dae,c849b3ef-1033-49b0-bac9-a6d44eb670cd,2025-10-06T12:36:59.000Z,2025-10-06T14:07:09.000Z,QII,QII,10,"Quercus robur (Pedunculated Oak)",1956,51.414415,-0.6506,5,5698529,663373,30U,https://five.epicollect.net/api/media/silwood-masters-woodland-survey?type=photo&format=entry_original&name=8125d4da-054a-4619-b810-3d2f8fc07dae_1759754214.jpg
c2918981-6928-4e48-b321-7cf695e379c8,c849b3ef-1033-49b0-bac9-a6d44eb670cd,2025-10-06T12:31:41.000Z,2025-10-06T14:07:04.000Z,QI,QI,3,"Betula pendula (Silver Birch)",,51.414485,-0.650604,5,5698537,663372,30U,https://five.epicollect.net/api/media/silwood-masters-woodland-survey?type=photo&format=entry_original&name=c2918981-6928-4e48-b321-7cf695e379c8_1759753874.jpg
25425f74-2eb2-440c-bc97-3026d775313a,0c19029f-8226-475a-b4cb-c249d32289b0,2025-10-06T12:20:51.000Z,2025-10-06T14:06:57.000Z,QIV,QIV,11.05,"Betula pendula (Silver Birch)",,51.414369,-0.650736,13,5698524,663364,30U,https://five.epicollect.net/api/media/silwood-masters-woodland-survey?type=photo&format=entry_original&name=25425f74-2eb2-440c-bc97-3026d775313a_1759753247.jpg
6f037f3d-abb2-4525-9318-926453f30721,0c19029f-8226-475a-b4cb-c249d32289b0,2025-10-06T12:14:44.000Z,2025-10-06T14:06:52.000Z,QIII,QIII,7,"Ilex sp. (Holly)",,51.414388,-0.650755,3,5698526,663362,30U,https://five.epicollect.net/api/media/silwood-masters-woodland-survey?type=photo&format=entry_original&name=6f037f3d-abb2-4525-9318-926453f30721_1759752792.jpg
daf52678-8a23-4e8a-8668-55497d23f3e9,0c19029f-8226-475a-b4cb-c249d32289b0,2025-10-06T11:54:38.000Z,2025-10-06T14:06:48.000Z,QI,QI,4,"Quercus robur (Pedunculated Oak)",22,51.413976,-0.651407,28,5698479,663318,30U,https://five.epicollect.net/api/media/silwood-masters-woodland-survey?type=photo&format=entry_original&name=daf52678-8a23-4e8a-8668-55497d23f3e9_1759751610.jpg
746cc2bd-27db-49d6-9c8e-6244e50dd040,0c19029f-8226-475a-b4cb-c249d32289b0,2025-10-06T12:09:15.000Z,2025-10-06T14:06:43.000Z,QII,QII,6.02,"Quercus robur (Pedunculated Oak)",1959,51.414338,-0.650588,10,5698521,663374,30U,https://five.epicollect.net/api/media/silwood-masters-woodland-survey?type=photo&format=entry_original&name=746cc2bd-27db-49d6-9c8e-6244e50dd040_1759752553.jpg
c6984274-d76c-4456-af64-8fe48bdc7169,ef706f28-d081-4616-bfd5-d2199a51d8f8,2025-10-06T14:04:24.000Z,2025-10-06T14:05:28.000Z,QIV,QIV,10,"Other species",,51.415306,-0.647526,8,5698635,663583,30U,https://five.epicollect.net/api/media/silwood-masters-woodland-survey?type=photo&format=entry_original&name=c6984274-d76c-4456-af64-8fe48bdc7169_1759759280.jpg
5c7292d1-cad5-45b7-878b-65dcdfdbdb2a,ef706f28-d081-4616-bfd5-d2199a51d8f8,2025-10-06T13:58:46.000Z,2025-10-06T14:05:23.000Z,QIII,QIII,9.3,"Quercus robur (Pedunculated Oak)",,51.415405,-0.647408,21,5698647,663591,30U,https://five.epicollect.net/api/media/silwood-masters-woodland-survey?type=photo&format=entry_original&name=5c7292d1-cad5-45b7-878b-65dcdfdbdb2a_1759759122.jpg
8e3b7f42-be86-4fe4-9310-bb6cd45ee2bd,ef706f28-d081-4616-bfd5-d2199a51d8f8,2025-10-06T13:53:53.000Z,2025-10-06T14:05:19.000Z,QII,QII,2.2,"Quercus robur (Pedunculated Oak)",,51.415396,-0.647444,12,5698646,663589,30U,https://five.epicollect.net/api/media/silwood-masters-woodland-survey?type=photo&format=entry_original&name=8e3b7f42-be86-4fe4-9310-bb6cd45ee2bd_1759758828.jpg
0252e41f-3418-473c-b222-3aed37901820,ef706f28-d081-4616-bfd5-d2199a51d8f8,2025-10-06T13:51:45.000Z,2025-10-06T14:05:15.000Z,QI,QI,4.1,"Betula pendula (Silver Birch)",,51.415385,-0.647529,27,5698644,663583,30U,https://five.epicollect.net/api/media/silwood-masters-woodland-survey?type=photo&format=entry_original&name=0252e41f-3418-473c-b222-3aed37901820_1759758699.jpg
d5b4e396-f615-4909-859e-d9ac5be95c56,bda9f2c7-bea4-4782-bbb3-ca1a24a0b12e,2025-10-06T12:32:32.000Z,2025-10-06T15:13:28.000Z,QIV,QIV,13.7,"Quercus robur (Pedunculated Oak)",,51.410241,-0.64617,5,5698075,663696,30U,
93716472-f3a2-416d-aa65-64a52a757e5b,bda9f2c7-bea4-4782-bbb3-ca1a24a0b12e,2025-10-06T12:26:49.000Z,2025-10-06T14:04:48.000Z,QIII,QIII,16.3,"Quercus robur (Pedunculated Oak)",2245,51.410251,-0.646332,5,5698076,663685,30U,
775fcf45-86ab-4b6f-8898-ddaae3693c6d,bda9f2c7-bea4-4782-bbb3-ca1a24a0b12e,2025-10-06T12:20:39.000Z,2025-10-06T14:04:44.000Z,QII,QII,14.9,"Betula pendula (Silver Birch)",,51.41017,-0.646347,5,5698067,663684,30U,
58a97652-cdbc-4e3c-8a6a-c47792e99fe9,bda9f2c7-bea4-4782-bbb3-ca1a24a0b12e,2025-10-06T12:07:44.000Z,2025-10-06T14:04:40.000Z,QI,QI,11.8,"Betula pendula (Silver Birch)",,51.410187,-0.646124,5,5698069,663699,30U,
c52c0ee5-e333-4be6-9445-7908c5a354c2,de17cf19-49ea-40ba-b587-c575672e6130,2025-10-06T13:37:10.000Z,2025-10-06T13:39:55.000Z,QII,QII,13.1,"Quercus robur (Pedunculated Oak)",265,51.415214,-0.647535,22,5698625,663583,30U,https://five.epicollect.net/api/media/silwood-masters-woodland-survey?type=photo&format=entry_original&name=c52c0ee5-e333-4be6-9445-7908c5a354c2_1759757821.jpg
332f7ee8-8d04-4e50-82df-ff2fd17d99d9,de17cf19-49ea-40ba-b587-c575672e6130,2025-10-06T13:33:54.000Z,2025-10-06T13:39:51.000Z,QIII,QIII,11.6,"Quercus robur (Pedunculated Oak)",267,51.415151,-0.647538,30,5698618,663583,30U,https://five.epicollect.net/api/media/silwood-masters-woodland-survey?type=photo&format=entry_original&name=332f7ee8-8d04-4e50-82df-ff2fd17d99d9_1759757630.jpg
b8b95b6e-9b8f-4ef6-9f01-777fbf6e4cbe,de17cf19-49ea-40ba-b587-c575672e6130,2025-10-06T13:28:36.000Z,2025-10-06T13:39:47.000Z,QIV,QIV,5,"Betula pendula (Silver Birch)",,51.415162,-0.647611,8,5698619,663578,30U,https://five.epicollect.net/api/media/silwood-masters-woodland-survey?type=photo&format=entry_original&name=b8b95b6e-9b8f-4ef6-9f01-777fbf6e4cbe_1759757252.jpg
c4c7a020-8c28-4428-955a-c5575d8f7dfe,de17cf19-49ea-40ba-b587-c575672e6130,2025-10-06T13:25:31.000Z,2025-10-06T13:39:42.000Z,QI,QI,6.2,"Quercus robur (Pedunculated Oak)",4923,51.415223,-0.647601,30,5698626,663579,30U,https://five.epicollect.net/api/media/silwood-masters-woodland-survey?type=photo&format=entry_original&name=c4c7a020-8c28-4428-955a-c5575d8f7dfe_1759757127.jpg
0ab8fb67-7ef6-47f3-8dd7-73213dad2713,c35cfea4-438c-4406-8b47-d7969a2a6c03,2025-10-06T13:16:31.000Z,2025-10-06T13:18:04.000Z,QII,QII,9,"Quercus robur (Pedunculated Oak)",,51.415139,-0.64766,10,5698617,663575,30U,https://five.epicollect.net/api/media/silwood-masters-woodland-survey?type=photo&format=entry_original&name=0ab8fb67-7ef6-47f3-8dd7-73213dad2713_1759756585.jpg
3e114368-e54c-4a56-800a-4523a470549e,c35cfea4-438c-4406-8b47-d7969a2a6c03,2025-10-06T13:14:04.000Z,2025-10-06T13:18:00.000Z,QIII,QIII,8.7,"Quercus robur (Pedunculated Oak)",,51.415037,-0.647676,9,5698605,663574,30U,https://five.epicollect.net/api/media/silwood-masters-woodland-survey?type=photo&format=entry_original&name=3e114368-e54c-4a56-800a-4523a470549e_1759756438.jpg
2e679083-ff3f-4ffe-92db-6e72a1b04f3c,c35cfea4-438c-4406-8b47-d7969a2a6c03,2025-10-06T13:08:40.000Z,2025-10-06T13:17:53.000Z,QIV,QIV,4.3,"Quercus robur (Pedunculated Oak)",,51.415086,-0.647667,28,5698611,663574,30U,https://five.epicollect.net/api/media/silwood-masters-woodland-survey?type=photo&format=entry_original&name=2e679083-ff3f-4ffe-92db-6e72a1b04f3c_1759755990.jpg
f1cb67cd-1d3c-44d7-a1c5-c4f545fade98,c35cfea4-438c-4406-8b47-d7969a2a6c03,2025-10-06T12:48:58.000Z,2025-10-06T13:17:47.000Z,QI,QI,7,"Quercus robur (Pedunculated Oak)",,51.41514,-0.647824,14,5698616,663563,30U,https://five.epicollect.net/api/media/silwood-masters-woodland-survey?type=photo&format=entry_original&name=f1cb67cd-1d3c-44d7-a1c5-c4f545fade98_1759754747.jpg
c71b8463-244c-4eb8-837d-5348f0e57281,21cc0197-bdd9-48e4-9dc7-7dadbca4f73b,2025-10-06T12:37:02.000Z,2025-10-06T12:54:19.000Z,QI,QI,3.6,"Acer pseudoplatanus (Sycamore)",,51.411526,-0.650579,37,5698208,663385,30U,
