ec5_uuid,ec5_parent_uuid,created_at,uploaded_at,title,Stem_number,Stem_distance,Angle_to_base,Angle_to_canopy,Stem_girth
f0c72530-a474-11f0-b50b-4f5346ad2bee,d342cc90-a473-11f0-add5-3312f4da17b6,2025-10-08T18:31:01.000Z,2025-10-08T21:43:18.000Z,1,1,13.8,4,54,110
d5ea7780-a474-11f0-8e5a-f16d61453bdf,9da55da0-a473-11f0-add5-3312f4da17b6,2025-10-08T18:30:16.000Z,2025-10-08T21:42:54.000Z,1,1,17.4,7,42,76
9a8da0e0-a474-11f0-9f25-cb1a488bce8e,5ce08e20-a473-11f0-add5-3312f4da17b6,2025-10-08T18:28:36.000Z,2025-10-08T21:42:21.000Z,1,1,18.3,4,53,190
75f46d40-a474-11f0-8940-4bfa2dc59b3a,cd49acb0-a472-11f0-add5-3312f4da17b6,2025-10-08T18:27:35.000Z,2025-10-08T21:41:41.000Z,2,2,16.7,5,57,68
27eb2990-a474-11f0-8940-4bfa2dc59b3a,cd49acb0-a472-11f0-add5-3312f4da17b6,2025-10-08T18:25:24.000Z,2025-10-08T21:41:24.000Z,1,1,16.7,5,57,145
a7d422d0-a472-11f0-b383-4bf83f5c9831,76e2a530-a471-11f0-b1b0-9b88d8d6ce55,2025-10-08T18:14:39.000Z,2025-10-08T21:40:16.000Z,3,3,14.5,3,54,64
90501600-a472-11f0-b383-4bf83f5c9831,76e2a530-a471-11f0-b1b0-9b88d8d6ce55,2025-10-08T18:14:00.000Z,2025-10-08T21:39:56.000Z,2,2,14.5,3,54,82
6392afb0-a472-11f0-b383-4bf83f5c9831,76e2a530-a471-11f0-b1b0-9b88d8d6ce55,2025-10-08T18:12:45.000Z,2025-10-08T21:39:28.000Z,1,1,14.5,3,54,59
42d49360-a472-11f0-aed5-d517f1eee984,41812dd0-a471-11f0-b1b0-9b88d8d6ce55,2025-10-08T18:11:50.000Z,2025-10-08T21:38:50.000Z,1,1,10.3,7,32,42
118a03d0-a472-11f0-b705-438b2def6382,12071880-a471-11f0-b1b0-9b88d8d6ce55,2025-10-08T18:10:27.000Z,2025-10-08T21:38:08.000Z,1,1,15.2,3,55,94
4b9ba7b0-a470-11f0-89cf-eb9c42a8b45f,a00e4420-a46f-11f0-80a2-ffbafe00721c,2025-10-08T17:57:46.000Z,2025-10-08T21:37:20.000Z,1,1,15.1,4,55,51
1a81c510-a470-11f0-966e-c1516aeb3fd9,de8b8a10-a46e-11f0-93a5-9fd49b260d38,2025-10-08T17:56:23.000Z,2025-10-08T21:36:13.000Z,1,1,16.5,3,47,209
e8333300-a46f-11f0-b430-03ed366e2b53,eff6ba00-a46d-11f0-93a5-9fd49b260d38,2025-10-08T17:54:59.000Z,2025-10-08T21:35:33.000Z,1,1,12,7,30,30
078de960-a45d-11f0-b65d-db2770c45bfb,b60f2e00-a45c-11f0-9650-4f1cba30f35c,2025-10-08T15:39:51.000Z,2025-10-08T15:40:05.000Z,2,2,11.3,6,45,57
fd7b0610-a45c-11f0-b65d-db2770c45bfb,b60f2e00-a45c-11f0-9650-4f1cba30f35c,2025-10-08T15:39:34.000Z,2025-10-08T15:39:50.000Z,1,1,11.3,6,45,55
eaac43f0-a45c-11f0-8e8f-6f6b430b6b56,aa65a520-a45c-11f0-9650-4f1cba30f35c,2025-10-08T15:39:02.000Z,2025-10-08T15:39:24.000Z,1,1,11.6,7,40,30
d83df150-a45c-11f0-8409-4b3ce1eb3040,9d9af4d0-a45c-11f0-9650-4f1cba30f35c,2025-10-08T15:38:32.000Z,2025-10-08T15:38:48.000Z,1,1,12.1,3,57,257
c6606d00-a45c-11f0-ab24-4f2b1c70b2e5,82aa7100-a45c-11f0-9650-4f1cba30f35c,2025-10-08T15:38:02.000Z,2025-10-08T15:38:26.000Z,1,1,10.6,7,20,44
6fbb7cb0-a45c-11f0-821e-b72d1f8cc6c7,0c1848f0-a45c-11f0-99f0-e3a605fcea0c,2025-10-08T15:35:36.000Z,2025-10-08T15:35:56.000Z,2,2,11,7,45,37
65cc26f0-a45c-11f0-821e-b72d1f8cc6c7,0c1848f0-a45c-11f0-99f0-e3a605fcea0c,2025-10-08T15:35:20.000Z,2025-10-08T15:35:35.000Z,1,1,11,7,45,53
568441a0-a45c-11f0-83fb-ad4d020b6900,f6c85a30-a45b-11f0-99f0-e3a605fcea0c,2025-10-08T15:34:54.000Z,2025-10-08T15:35:12.000Z,1,1,14,7,65,217
49d30cc0-a45c-11f0-81cb-f3f67e4ae4cc,9c38e940-a45b-11f0-99f0-e3a605fcea0c,2025-10-08T15:34:33.000Z,2025-10-08T15:34:50.000Z,1,1,10,4,30,63
397cc4b0-a45c-11f0-92e0-31c59a30f78e,8905c000-a45b-11f0-99f0-e3a605fcea0c,2025-10-08T15:34:05.000Z,2025-10-08T15:34:23.000Z,3,3,10,5,30,57
30c5a0d0-a45c-11f0-92e0-31c59a30f78e,8905c000-a45b-11f0-99f0-e3a605fcea0c,2025-10-08T15:33:51.000Z,2025-10-08T15:34:04.000Z,2,2,10,5,30,61
1cd764f0-a45c-11f0-92e0-31c59a30f78e,8905c000-a45b-11f0-99f0-e3a605fcea0c,2025-10-08T15:33:17.000Z,2025-10-08T15:33:49.000Z,1,1,10,5,30,36
217ee970-a45b-11f0-80fa-a5030da002de,19ab6440-a45a-11f0-a046-33f50e7c8fb1,2025-10-08T15:26:15.000Z,2025-10-08T15:26:31.000Z,1,1,10,7,43,56
150120a0-a45b-11f0-9658-f900b2ea7716,d2983380-a459-11f0-a046-33f50e7c8fb1,2025-10-08T15:25:54.000Z,2025-10-08T15:26:11.000Z,1,1,18.3,2,55,290
05d8d140-a45b-11f0-816c-13043dc4bd07,9fd44a60-a459-11f0-a046-33f50e7c8fb1,2025-10-08T15:25:29.000Z,2025-10-08T15:25:47.000Z,1,1,16.2,3,47,96
ee2ca300-a45a-11f0-bcf1-e9f9ae02ae74,8ea07390-a459-11f0-a046-33f50e7c8fb1,2025-10-08T15:24:49.000Z,2025-10-08T15:25:12.000Z,2,2,15,5,55,36
d2c170f0-a45a-11f0-bcf1-e9f9ae02ae74,8ea07390-a459-11f0-a046-33f50e7c8fb1,2025-10-08T15:24:03.000Z,2025-10-08T15:24:48.000Z,1,1,15,5,55,130
7c64c9b0-a459-11f0-8321-03d7f3f79e7f,4f58ce30-a459-11f0-ae98-7f600dcee17d,2025-10-08T15:14:29.000Z,2025-10-08T15:14:43.000Z,1,1,10,3,23,33
68ef1930-a459-11f0-86f1-31d2d980a88d,39ae1540-a459-11f0-ae98-7f600dcee17d,2025-10-08T15:13:56.000Z,2025-10-08T15:14:23.000Z,1,1,10,9,28,53
1ce3c860-a459-11f0-b380-25de10e94fd4,c0081d80-a458-11f0-b330-e1f6db5c69eb,2025-10-08T15:11:49.000Z,2025-10-08T15:21:54.000Z,1,1,10,8,30,41
0df68630-a459-11f0-85fe-df5f0f10b39c,b0b032a0-a458-11f0-b330-e1f6db5c69eb,2025-10-08T15:11:24.000Z,2025-10-08T15:11:43.000Z,1,1,14.2,5,55,250
fd81b9a0-a458-11f0-9897-4533dc693cbb,9b792310-a458-11f0-b330-e1f6db5c69eb,2025-10-08T15:10:56.000Z,2025-10-08T15:11:20.000Z,1,1,13.5,9,50,192
7bbc2310-a458-11f0-b7d0-b37978ed3f23,171fc240-a458-11f0-a870-212a4c6754cf,2025-10-08T15:07:18.000Z,2025-10-08T15:07:48.000Z,1,1,12.3,3,65,210
61acb070-a458-11f0-9644-1f0fef32114b,c40be7f0-a457-11f0-a870-212a4c6754cf,2025-10-08T15:06:35.000Z,2025-10-08T15:07:13.000Z,1,1,16.9,5,60,480
83b4f570-a457-11f0-ab11-ed5ce855d63e,37ac8ad0-a457-11f0-8362-f9ada18b00d2,2025-10-08T15:00:22.000Z,2025-10-08T15:00:41.000Z,1,1,13,4,54,230
73d08200-a457-11f0-9613-fd218817e4de,f315cbc0-a456-11f0-8362-f9ada18b00d2,2025-10-08T14:59:56.000Z,2025-10-08T15:00:15.000Z,1,1,12,1,60,220
62e32a10-a457-11f0-b9b3-bf7713a3e054,cfe59e00-a456-11f0-8362-f9ada18b00d2,2025-10-08T14:59:27.000Z,2025-10-08T14:59:49.000Z,1,1,12,5,50,95
915dbba0-a455-11f0-ba1c-f9b49e6b3c03,5ad26a40-a455-11f0-9bac-a50de5b7239f,2025-10-08T14:46:26.000Z,2025-10-08T14:47:30.000Z,1,1,12.3,9,50,171
78833c8f-d3a9-4954-b76f-38ba8cb195c2,b61b8e72-5a78-49e2-a43d-71531ed4be09,2025-10-08T13:43:12.000Z,2025-10-08T13:43:40.000Z,1,1,8.2,12,49,55
3c984d00-9260-4d3a-8561-f1e8bdcc5e4e,44a3bdbf-151c-43cd-af4e-963b51dc90fa,2025-10-08T13:41:11.000Z,2025-10-08T13:43:36.000Z,1,1,14.6,11,44,107
df7c9ea7-2af2-4a41-a01f-9412c1c4658d,1be873c7-98a9-4b44-b614-2413066aa1da,2025-10-08T13:38:07.000Z,2025-10-08T13:43:32.000Z,1,1,8.7,10,51,64
41664c94-476e-452f-9544-46b189f13f86,9850ab9c-d35c-445b-a043-3eb984917dba,2025-10-08T13:34:43.000Z,2025-10-08T13:43:28.000Z,1,1,8,12,46,53
462317a0-cbc1-479c-b763-6afae2818fae,4908cfe7-658e-4a61-b6f9-7e098bd86413,2025-10-08T13:27:12.000Z,2025-10-08T13:27:24.000Z,3,3,12,9,48,43
8cb6eaa0-55ad-4e97-8239-d4cef5380d0f,4908cfe7-658e-4a61-b6f9-7e098bd86413,2025-10-08T13:26:49.000Z,2025-10-08T13:27:22.000Z,2,2,12,9,48,56
275cbce3-4c42-47de-a111-d83f91bed823,4908cfe7-658e-4a61-b6f9-7e098bd86413,2025-10-08T13:26:26.000Z,2025-10-08T13:27:20.000Z,1,1,12,9,48,68
11451653-2f24-4c4e-b02f-181392018184,a2cd33dd-95f9-4b7e-b6b5-4edb8d8621c8,2025-10-06T15:39:58.000Z,2025-10-06T16:43:28.000Z,1,1,10,3,45,40
0ae5a041-6ae9-4689-b126-cb113f74a162,223b88b0-7cf5-4881-8bc8-be4ad5f08aa2,2025-10-06T15:38:33.000Z,2025-10-06T16:43:25.000Z,1,1,20,4,54,212
37bab76d-793f-4e61-ac6e-bb4814d504de,2ae9ce40-a0b2-4ac7-812e-dc06baeaf237,2025-10-06T15:33:30.000Z,2025-10-06T16:43:22.000Z,1,1,15,7,61,260
7f386616-a9a9-4d1a-85b2-39931587143d,7aea2e4d-6430-4d40-9a29-20a01ddffdba,2025-10-06T15:31:53.000Z,2025-10-06T16:43:18.000Z,1,1,10,11,69,110
b60df8cb-f158-49d5-8115-c3204a0e74a4,d2adcd51-936c-4610-8474-afd380815c1e,2025-10-06T15:27:35.000Z,2025-10-06T16:43:13.000Z,1,1,10,7,43,35
62a26ce5-fac9-4c06-9225-ad3da3c531f6,fdf12e66-5c1c-4db1-8cc4-eb0f5c92db59,2025-10-06T15:23:01.000Z,2025-10-06T16:43:09.000Z,3,3,,,,140
2b238736-96a9-4562-856a-1d12ac22b145,fdf12e66-5c1c-4db1-8cc4-eb0f5c92db59,2025-10-06T15:22:09.000Z,2025-10-06T16:43:07.000Z,2,2,,,,165
6e65bb68-6b1f-477e-a838-8cf5f4744f8f,fdf12e66-5c1c-4db1-8cc4-eb0f5c92db59,2025-10-06T15:21:52.000Z,2025-10-06T16:43:05.000Z,1,1,15,6,49,140
68aee28c-167b-428c-a4b2-b1e8ca098a70,39cca06d-3981-4194-95e5-6244ab4347af,2025-10-06T15:19:37.000Z,2025-10-06T16:43:02.000Z,1,1,15,9,59,110
cc1cc37a-a0bc-41a1-b977-05a8c653d796,fa253af5-7b9c-47af-aabf-63d0af840924,2025-10-06T15:17:40.000Z,2025-10-06T16:42:58.000Z,1,1,20,9,69,190
1dc30449-0f5b-41f9-91b0-a3b9de4c39a4,ec7787d3-134b-436f-9d2d-e438fcfc55f5,2025-10-06T15:09:58.000Z,2025-10-06T16:42:51.000Z,1,1,15,3,77,227
9b3c8450-ab97-4197-9ef7-c503399a1edb,3f6faad2-1eee-432a-a312-5f102110bc87,2025-10-06T15:08:21.000Z,2025-10-06T16:42:47.000Z,1,1,10,7,40,40
4e39d588-b688-49a8-bc83-70572a50fd47,79746716-a072-4ef7-86b8-a8a6a49302ed,2025-10-06T15:06:08.000Z,2025-10-06T16:42:44.000Z,1,1,10,5,64,148
1d901a68-1f38-4e69-97aa-4c4e4d356ea4,baf57346-c3bf-4d9a-90b2-622a37f6f511,2025-10-06T15:03:56.000Z,2025-10-06T16:42:41.000Z,1,1,10,13,33,33
62987bcd-20cb-4344-a0b2-c470a052aea1,d415b830-80f1-4362-bcf0-b46700aa3d99,2025-10-06T14:59:15.000Z,2025-10-06T16:42:35.000Z,1,1,15,3,65,209
e382512a-86aa-4d10-a1c3-ddeef9574633,1fc02437-96a6-4a3e-af4b-9543b9ca7598,2025-10-06T14:56:26.000Z,2025-10-06T16:42:32.000Z,1,1,15,9,66,318
3ea5a1f1-b993-4d10-9d47-c195432ae578,b566bb26-e351-4eb0-af73-6c90fee616de,2025-10-06T14:53:53.000Z,2025-10-06T16:42:29.000Z,1,1,10,11,45,31
02b367f6-0159-4846-9591-5f3273dbbf1a,80c183eb-e866-48d6-a66d-eac95f94dd8b,2025-10-06T14:51:46.000Z,2025-10-06T16:42:25.000Z,1,1,10,13,35,31
c2e0a7d5-64a0-4b25-bb44-99f5eb3ec434,8b452312-291f-4c23-b0fc-077b9bafcfbf,2025-10-06T14:47:06.000Z,2025-10-06T16:42:20.000Z,1,1,15,2,34,54
5c8f1f40-fb76-494a-9025-e9cd9ee861bc,75cf3f9f-35be-4eba-aef1-9fc1118845f9,2025-10-06T14:44:43.000Z,2025-10-06T16:42:17.000Z,1,1,10,5,40,48
6233f352-d17b-44b7-8a0d-dc18a2ab92e7,042f3ad8-622b-43d6-abb8-013700aadd9b,2025-10-06T14:41:44.000Z,2025-10-06T16:42:13.000Z,1,1,10,13,39,48
c2e86583-5b0a-48bf-b779-c96868fd8c13,270727f7-9bf5-40b1-ae45-5689e1e08454,2025-10-06T14:40:02.000Z,2025-10-06T16:42:10.000Z,1,1,10,10,30,30
47b9eef2-9eeb-4365-87ff-b51e4b185452,ca804355-c7d1-4c51-9b47-f7a5f0ddf0df,2025-10-06T14:16:01.000Z,2025-10-06T16:42:04.000Z,2,2,,,,40
1ffdc12c-f2e8-41a4-bb12-13fd80bfa4a6,ca804355-c7d1-4c51-9b47-f7a5f0ddf0df,2025-10-06T14:15:19.000Z,2025-10-06T16:42:02.000Z,1,1,10,13,21,30
55f0c4e1-e7bd-46b6-a149-6092e5b1d528,2e0b0399-0103-4308-98a9-c7ae09a47e44,2025-10-06T14:08:40.000Z,2025-10-06T16:41:59.000Z,4,4,10,10,58,90
780a8544-9464-4a13-8c26-b4cbf22d8179,2e0b0399-0103-4308-98a9-c7ae09a47e44,2025-10-06T14:08:12.000Z,2025-10-06T16:41:57.000Z,3,3,,,,119
8838094d-52a4-477d-a875-016d3898a9c6,2e0b0399-0103-4308-98a9-c7ae09a47e44,2025-10-06T14:07:33.000Z,2025-10-06T16:41:56.000Z,2,2,,,,170
e5356ec7-dea3-477b-9b95-bef782d02583,2e0b0399-0103-4308-98a9-c7ae09a47e44,2025-10-06T14:07:23.000Z,2025-10-06T16:41:54.000Z,1,1,,,,150
4580250c-4345-4cd9-94a6-41be196ff461,b334e3ca-9927-44f1-8f98-8d628127ef1a,2025-10-06T14:00:47.000Z,2025-10-06T16:41:51.000Z,1,1,10,10,70,160
e1eb2cd1-5363-4b5e-82d4-f23c86b8bbb2,d9e8a647-5708-4310-ba16-7fbb876ccaca,2025-10-06T13:56:52.000Z,2025-10-06T16:41:47.000Z,5,5,10,10,65,110
11cef1a3-bd50-4c55-8276-521f9f9404e3,d9e8a647-5708-4310-ba16-7fbb876ccaca,2025-10-06T13:56:28.000Z,2025-10-06T16:41:46.000Z,4,4,,,,63
4956b983-7d15-438c-bde4-cf9b6e1dae41,d9e8a647-5708-4310-ba16-7fbb876ccaca,2025-10-06T13:55:53.000Z,2025-10-06T16:41:44.000Z,3,3,,,,70
6d80c643-d92e-4042-933e-985a689e9a10,d9e8a647-5708-4310-ba16-7fbb876ccaca,2025-10-06T13:55:28.000Z,2025-10-06T16:41:42.000Z,2,2,,,,124
4720d4a6-13c4-40e3-8b82-512b14a31d3b,d9e8a647-5708-4310-ba16-7fbb876ccaca,2025-10-06T13:55:15.000Z,2025-10-06T16:41:41.000Z,1,1,,,,50
4597bfbf-bb87-463f-be75-013f753c7227,1367c199-6cf6-4c73-b94b-22d2fc7a9e68,2025-10-06T13:47:06.000Z,2025-10-06T16:41:35.000Z,1,1,10,13,45,46
400320f3-b233-4f7c-8584-ba9101e1f856,e8ae5562-bfce-42fe-b526-1c3c9e01c539,2025-10-06T16:02:52.000Z,2025-10-06T16:41:32.000Z,3,3,12,8,54,114
5341ad86-3dc3-4051-9111-bb91bb1da6fe,69a7a6b2-92cc-4f38-8c19-931a032e0707,2025-10-06T13:42:37.000Z,2025-10-06T16:41:32.000Z,1,1,10,14,36,45
9a5adc09-0cc2-4d7d-85ba-03e46fe0a0f4,ba2a8b88-499e-421f-93c4-2f67d10c836d,2025-10-06T13:40:49.000Z,2025-10-06T16:41:28.000Z,1,1,10,15,50,50
cc9dc937-98d9-412a-bf38-dd3d9efcffda,f81770c5-d7fd-4ddb-80f1-a6babe2dea8c,2025-10-06T15:59:14.000Z,2025-10-06T16:41:28.000Z,1,1,10,6,58,70
6b679d13-5068-45a9-b1a8-efaef56122bf,5164b73c-db26-441a-8b68-13a206480391,2025-10-06T15:56:40.000Z,2025-10-06T16:41:24.000Z,2,2,10,10,65,136
c82204c6-1ee7-400b-bc59-7c9c20fc71b3,657a6ad4-216f-4eaf-9cc5-6b80bc3020fd,2025-10-06T15:52:14.000Z,2025-10-06T16:41:20.000Z,2,2,11,10,65,105
d748b1e5-4f45-410e-8ccf-a04062382248,c6c067c3-b7b9-4409-8fde-c79c0c3bce98,2025-10-06T13:37:04.000Z,2025-10-06T16:41:15.000Z,1,1,15,10,40,139
47e0bed6-1bdd-4d4b-a90f-631e848475f9,88044ac8-82bd-4144-801d-daeb616015fa,2025-10-06T15:43:31.000Z,2025-10-06T16:41:13.000Z,1,1,12,11,38,31
95fa4ed2-f874-41a2-aa49-0c13cb610228,0c0f1287-8325-461f-b1d7-63920bedc1c7,2025-10-06T13:31:11.000Z,2025-10-06T16:41:09.000Z,1,1,15,10,65,185
596c9a71-7256-4dd5-9b39-d28f24c5b46b,e089f3db-55c7-4ed4-9421-1f2030d273b1,2025-10-06T15:39:14.000Z,2025-10-06T16:41:09.000Z,1,1,11.4,10,67,106
8c7c26a7-7ffe-4826-a60d-94d6a7034831,26b3f4fe-d462-417d-8820-f8e0f6d2fe4f,2025-10-06T13:27:29.000Z,2025-10-06T16:41:06.000Z,1,1,15,4,56,175
c4157651-1c4d-4f50-b05e-c8605b9aa9f5,ac54d965-c9fd-4874-9196-ba8a98201f9a,2025-10-06T15:36:00.000Z,2025-10-06T16:41:05.000Z,1,1,10,15,33,44
011e36ee-d8bd-4797-9b10-9710586f529a,689bf25c-d033-4ea2-9abe-a6efc358cff8,2025-10-06T13:26:07.000Z,2025-10-06T16:41:02.000Z,1,1,15,15,50,155
ea25c73f-5098-4ee1-9ecf-44c351d14044,db3591da-673c-4995-a7db-ab83bdd09120,2025-10-06T15:34:10.000Z,2025-10-06T16:41:00.000Z,4,4,10,10,72,377
00f78f45-76a8-4af9-be4a-c183fca0ce2d,9a23a2d2-e9d0-4ece-b30c-2e2dae21c350,2025-10-06T13:24:09.000Z,2025-10-06T16:40:59.000Z,1,1,15,9,48,127
41a5685c-076b-4233-a0df-93c515c3aaff,7698eb4f-fbc1-41e5-b8f0-54b9ad3717f7,2025-10-06T15:29:14.000Z,2025-10-06T16:40:53.000Z,1,1,10,10,55,73
03e87c64-40eb-460e-9473-0d498adea425,de1b4b87-0786-4f63-a8ca-5634913497c2,2025-10-06T15:27:20.000Z,2025-10-06T16:40:49.000Z,1,1,10,8,68,170
2c50eef4-1d31-4cc7-8b40-df89fcdfa15b,63faddd7-e7cd-4a0b-a773-91f18808db2b,2025-10-06T15:25:21.000Z,2025-10-06T16:40:44.000Z,1,1,10,11,43,34
e992f01d-37ad-4b0b-ab64-03ce37aa1b8f,752b1fd3-9a22-407d-94f0-54d666b31b83,2025-10-06T13:16:20.000Z,2025-10-06T16:40:44.000Z,1,1,15,2,69,159
f85d9a47-b41d-4064-9152-1956a8ab72b0,93108b16-6a1b-4ecd-95bf-bbbaef5cb2e9,2025-10-06T13:13:15.000Z,2025-10-06T16:40:40.000Z,1,1,15,1,70,196
e4e44d07-b3dc-46b6-862f-3da233c81a78,314231e7-f69e-4f5b-907c-409221ddd655,2025-10-06T15:23:27.000Z,2025-10-06T16:40:40.000Z,3,3,10,10,72,140
c32c8942-b4cc-4a50-84c6-59b67698a7f7,bbc583c3-2b13-468c-a4c0-6a04d556b9f6,2025-10-06T13:10:37.000Z,2025-10-06T16:40:37.000Z,1,1,15,6,56,106
99ad7538-87cd-4f36-a37f-dabecc6229fa,53442cc9-b020-4619-8db9-cc3fb010b250,2025-10-06T15:17:23.000Z,2025-10-06T16:40:34.000Z,1,1,10,8,60,211
d4921a5a-bb88-4004-a967-fe2f59820f00,2b498262-a3f4-46a1-a4f2-dab3c07e567c,2025-10-06T13:08:14.000Z,2025-10-06T16:40:34.000Z,1,1,16,11,58,142
8a269897-7e65-4a71-a96e-7b3d24261777,a8a34350-0940-411e-9584-ba3afd56c5c1,2025-10-06T15:13:19.000Z,2025-10-06T16:40:30.000Z,1,1,10,8,65,192
318017c8-1721-44a1-9723-b1194f441829,662671e4-3f70-4144-b8ff-bdeecc3c374e,2025-10-06T13:00:48.000Z,2025-10-06T16:40:28.000Z,1,1,10,15,43,33
93142fc8-78c9-4718-8851-104c1ed930ba,dc41e85c-f096-40dc-834b-1e377a725387,2025-10-06T15:09:01.000Z,2025-10-06T16:40:26.000Z,2,2,10,10,72,88
7d13a3d2-4365-4271-89e1-aee6ff25f803,865bc4d4-c3a6-479f-8234-086534fe7991,2025-10-06T12:56:18.000Z,2025-10-06T16:40:25.000Z,2,2,15,6,61,122
76b26516-f1ac-4daa-928a-02d4630a63a1,1aea5a6b-c696-47a0-bcbc-5ff08fde32ad,2025-10-06T15:05:33.000Z,2025-10-06T16:40:22.000Z,1,1,10,11,44,49
b13fc445-37f8-45e5-9e2f-177109617b0c,e169d3f2-5ad2-4c83-82b5-5ce686e9f48a,2025-10-06T14:59:03.000Z,2025-10-06T16:40:15.000Z,5,5,10,10,77,250
ecd64ef3-7322-4a81-8d24-b853ae8d8f6f,865bc4d4-c3a6-479f-8234-086534fe7991,2025-10-06T12:55:43.000Z,2025-10-06T16:40:11.000Z,1,1,,,,117
dfe9c649-d6d4-4223-ac14-e1d1db7ed8b4,4f479081-7e8d-4623-90bf-2a46155c88c6,2025-10-06T14:55:47.000Z,2025-10-06T16:40:10.000Z,5,5,10,11,64,336
ea7d83fe-8299-4e8d-a4ee-60ed4f8023ae,716cba15-88c2-4d25-bc4c-33ae63a06bfb,2025-10-06T12:49:10.000Z,2025-10-06T16:40:07.000Z,1,1,,1,57,60
0f29b327-e05f-4a68-a60a-427f4217b399,ce7170cd-9879-49cb-8f84-55981ce13108,2025-10-06T14:51:43.000Z,2025-10-06T16:40:05.000Z,3,3,10,13,66,189
03dd0cdd-dbc7-4b9b-aa2d-19f4312e2f01,54561d00-9fe7-4a45-90dc-b1fb6d476550,2025-10-06T14:47:08.000Z,2025-10-06T16:39:59.000Z,1,1,10,12,70,232
d4d63b43-796a-4ce6-8ef0-0f0e761d97e0,eae50050-12b1-4379-8abf-6c761728a578,2025-10-06T14:24:09.000Z,2025-10-06T16:39:53.000Z,1,1,10,11,65,168
4fb60b41-cb7b-4f9e-95ef-d273d5d03a57,969599fd-ede4-4da4-8ff4-c83d6d3d0d2d,2025-10-06T14:21:17.000Z,2025-10-06T16:39:48.000Z,1,1,10,8,59,126
30bc7801-7e21-4ff7-a4a0-60d4ecaa769a,b271c862-1aac-47a2-b68e-5ed1de9f7306,2025-10-06T14:19:55.000Z,2025-10-06T16:39:44.000Z,1,1,10,7,36,45
31b2df35-6493-4a3f-baa5-da30ab9207f8,329f077d-4ecf-40f6-adc5-005947c0838f,2025-10-06T14:16:46.000Z,2025-10-06T16:39:39.000Z,1,1,10,10,62,157
90f9e8c7-bf50-4007-b221-8b2d829de865,3c6b4081-b404-4666-acf6-d76659910f97,2025-10-06T14:07:23.000Z,2025-10-06T16:39:33.000Z,1,1,10,10,55,85
4b7c5f1e-c0da-4abe-bdf7-17e52c452b68,2a59f28c-20a8-44c6-a02a-cd13c1a96684,2025-10-06T14:11:29.000Z,2025-10-06T16:39:29.000Z,1,1,10,10,58,80
6cc5dfc4-eaf3-4d4e-9426-f9bc0343bdf8,a27b9c9b-bfc6-4fd1-8ed9-3b96d48fc184,2025-10-06T14:05:16.000Z,2025-10-06T16:39:25.000Z,1,1,10,5,71,101
7e6c009a-0471-40c5-bdb7-ef8868f7513a,72f808c7-247c-4cbf-86fd-7d37f9e395b6,2025-10-06T14:02:14.000Z,2025-10-06T16:39:21.000Z,1,1,10,11,54,60
56653400-92fd-470e-896e-bb201af525bf,bd56206c-2037-46d2-8b20-116e548eff5f,2025-10-06T13:55:15.000Z,2025-10-06T16:39:14.000Z,1,1,10,11,64,103
c48fc896-29b3-446f-bdba-2ef6dffeca1c,7495e06e-0d49-488e-9528-2cbbab1953a9,2025-10-06T13:52:16.000Z,2025-10-06T16:39:11.000Z,4,4,10,9,43,90
9fc825ad-80b5-456c-92dc-b9802e693779,8b6dc11f-8cf3-4b4e-9471-50c2a065a03c,2025-10-06T13:46:50.000Z,2025-10-06T16:39:06.000Z,1,1,10,12,47,45
e5fc209b-5280-4ff7-afea-cb0a7ec7362d,e8703072-f478-4b81-bab7-0699da6e79cf,2025-10-06T13:42:40.000Z,2025-10-06T16:39:02.000Z,2,2,15,6,34,123
0653dbd1-1379-4bca-9a2a-b7da489f7b77,ac18ffaf-f197-4e98-b0f8-30e06df5cc0b,2025-10-06T13:25:27.000Z,2025-10-06T16:38:23.000Z,1,1,10,9,67,210
f24fa626-f20b-401b-a33f-338b4621dcf9,a1f17a56-cc17-4e58-a875-797576b55567,2025-10-06T13:22:11.000Z,2025-10-06T16:38:19.000Z,1,1,10,9,54,43
ad817630-fb4c-4a5e-bb26-de5dde3a99d8,7f16bfa9-8825-40a1-a539-3ed270ae137b,2025-10-06T13:18:12.000Z,2025-10-06T16:38:15.000Z,1,1,10,10,70,123
d2640333-bc0a-40bb-93c7-70891b5dc434,66c341d2-3bea-49e8-97ae-54a4bea7a8b8,2025-10-06T13:13:39.000Z,2025-10-06T16:38:06.000Z,1,1,10,10,57,62
baba7814-0e26-4d05-9d31-daa3f0069363,22aaf08e-ed97-4a84-8fdf-b70aaf21a17f,2025-10-06T13:01:29.000Z,2025-10-06T16:38:00.000Z,1,1,10,9,63,105
e9f9ba29-a5d1-4d26-b964-4d40e8a43c11,58c38d18-cf6c-4e5f-9dee-a597294d4e10,2025-10-06T12:58:51.000Z,2025-10-06T16:37:56.000Z,1,1,10,9,67,405
74fb6145-d28d-4088-bc6f-40ad825fe6c2,f40ec57f-2549-48a1-9207-3278be0d79e4,2025-10-06T12:47:54.000Z,2025-10-06T16:37:52.000Z,1,1,13,7,59,104
a37903a3-bdd7-4093-a218-fb9979923c9f,53fb288b-5d39-4a0b-8501-3a74e06a65bc,2025-10-06T12:54:06.000Z,2025-10-06T16:37:48.000Z,1,1,10,7,69,213
958e3310-50ab-468b-9dfa-475d00f2dfb9,7c555629-27f0-4033-9840-746c16d57cde,2025-10-06T16:29:29.000Z,2025-10-06T16:32:15.000Z,1,1,10,7,48,50
61094f02-23cd-4804-9686-a0230018a8b3,94147b94-2a14-4598-a71b-63b1d3dd1dbc,2025-10-06T16:27:18.000Z,2025-10-06T16:32:11.000Z,1,1,10,6,62,90
06a77066-b2eb-4888-adc4-28f70b8249b9,a1265f31-eaab-4f62-8b45-837eec430df2,2025-10-06T16:26:38.000Z,2025-10-06T16:32:06.000Z,1,1,10,6,58,87
b83e0c3d-454e-4221-9ab2-fcb96a39fbf9,686f0b03-2d15-4b78-a174-6f52bb8e55d4,2025-10-06T16:25:30.000Z,2025-10-06T16:32:01.000Z,1,1,10,9,66,95
b39f4247-100f-4b48-8d99-18ed26e7997c,2a08d944-f8a5-4834-98bf-30f584772aef,2025-10-06T16:24:40.000Z,2025-10-06T16:31:58.000Z,1,1,10,5,60,97
5ec35523-af5b-4ad2-bf9f-f87d175f8bd6,47c5765b-e096-4b9d-8e86-d3ede44f562f,2025-10-06T16:24:01.000Z,2025-10-06T16:31:54.000Z,7,7,10,9,39,36
cbfbe4c8-5e56-4872-9659-9551f349b309,c43f7d68-8f85-4047-afe9-dade5aa0d05e,2025-10-06T16:22:59.000Z,2025-10-06T16:31:51.000Z,1,1,10,5,64,120
695c9607-2b6a-45be-bddb-8b1b960d921a,307429e7-c44c-43e7-85f7-e074f84a4cd7,2025-10-06T16:21:32.000Z,2025-10-06T16:31:46.000Z,1,1,10,7,75,53
faf492b3-2ad9-4474-95bc-35eb9981c682,626209e4-2e19-4b9e-80c3-7ff20fb8e1c1,2025-10-06T16:20:35.000Z,2025-10-06T16:31:41.000Z,1,1,10,6,60,65
199ecc2d-8229-4a19-a2ff-f7e1c53a9560,c3214f9c-974a-46d9-944c-f1c2b5994cf4,2025-10-06T15:40:33.000Z,2025-10-06T16:31:38.000Z,1,1,10,5,61,61
5097109e-7d92-47d7-b19e-6c46be152f55,80883894-8ab0-4def-8faf-fbf0d4c61214,2025-10-06T15:37:59.000Z,2025-10-06T16:31:34.000Z,1,1,10,5,69,98
ac44f2ac-4349-4d2e-89da-0b685eed5404,e399646f-8f20-4844-a54d-8830d3c17394,2025-10-06T15:35:18.000Z,2025-10-06T16:31:29.000Z,1,1,10,4,66,44
965b6396-c02b-4eb1-a00b-1eb9b2223c79,33a11f16-c86a-40bb-91c5-ecd96900481c,2025-10-06T15:33:37.000Z,2025-10-06T16:31:26.000Z,1,1,10,6,79,158
41b279a3-2039-4efb-85e3-c4d794ed09c4,2e6fcefc-cac9-4fc3-a000-faba0742d4f6,2025-10-06T15:31:33.000Z,2025-10-06T16:31:23.000Z,1,1,10,4,71,100
500d652e-b821-4546-8b5e-95990a2e887f,b2aa948a-fe9c-4f4c-a678-b57226cc5027,2025-10-06T15:29:05.000Z,2025-10-06T16:31:19.000Z,1,1,10,3,54,35
22db285d-0c9b-44ea-91bf-03743aa8ffa5,79703bcb-eb93-45e1-981b-c51c773ad9ff,2025-10-06T15:22:52.000Z,2025-10-06T16:31:14.000Z,2,2,10,8,21,52
f45e05cc-4ed4-44bd-aba3-3c79249c6ff8,76fb0cbd-e5bd-42dc-8d1f-7efd3bddfa03,2025-10-06T15:20:05.000Z,2025-10-06T16:31:11.000Z,1,1,10,62,8,53
6bb64354-4d9e-4476-8296-15b8320e7619,d84703c2-f202-400b-ac37-69231666dfaf,2025-10-06T15:18:40.000Z,2025-10-06T16:31:08.000Z,2,2,10,11,36,47
a23e22cd-8164-45b2-8d32-a99b9a1d499c,b3028eff-6692-4317-9fab-c4279f489308,2025-10-06T15:12:53.000Z,2025-10-06T16:31:04.000Z,3,3,10,3,79,150
0306599f-e76d-4da9-8e5a-79be4b2885c3,1b5fd292-c150-4662-a0f1-e97de3792cec,2025-10-06T14:48:03.000Z,2025-10-06T16:30:59.000Z,1,1,10,4,67,79
0c2af765-c4a2-4d40-9170-9d5952f8f0b4,7aed8c74-19a7-4aeb-a9ed-556c9dc887d2,2025-10-06T14:46:35.000Z,2025-10-06T16:30:56.000Z,1,1,10,5,49,35
4c053ed7-283b-4823-869f-711c7d7fee33,dc5bd4b5-6a2e-4c66-acc2-084272314556,2025-10-06T14:45:21.000Z,2025-10-06T16:30:52.000Z,1,1,10,7,70,107
30e0176e-8571-43a4-8fae-1b627899cc87,6022d683-c1b7-4c60-bf6b-20af835ad8d0,2025-10-06T14:43:16.000Z,2025-10-06T16:30:49.000Z,1,1,10,5,70,102
a2535f40-c961-4556-b291-f388b5b68910,a6401411-9d1e-4ac5-bd61-fb269be35d2c,2025-10-06T14:40:45.000Z,2025-10-06T16:30:44.000Z,1,1,10,6,57,38
828c1b19-47ad-4c3f-84c9-f92df06427e9,5539e5ba-0c16-416d-8c83-2cb5b0f2db18,2025-10-06T14:38:40.000Z,2025-10-06T16:30:40.000Z,1,1,10,4,52,84
cab33547-a015-4a4b-a0ba-0d29b65b48de,b5bdcd8f-b623-40cb-bc93-5bffba362c44,2025-10-06T14:33:31.000Z,2025-10-06T16:30:37.000Z,1,1,10,7,68,69
d6d6e846-2ce8-4839-9bfd-a0477061910a,e54ed2f3-35dc-4f85-a1fc-3e98c47d6aa8,2025-10-06T14:31:00.000Z,2025-10-06T16:30:34.000Z,1,1,10,7,61,59
c556c15e-3634-4a79-9489-06f36cb2764e,935cbad8-ce84-4ab1-88a8-a3a86dbe81d1,2025-10-06T14:26:17.000Z,2025-10-06T16:30:28.000Z,1,1,10,6,68,105
b418dada-8fd3-435e-9a66-c77aa7a4c86d,38c47bfb-bce3-4efd-b73b-2f9d17f65459,2025-10-06T14:22:31.000Z,2025-10-06T16:30:24.000Z,1,1,10,6,78,97
ae7b552d-5f65-4b16-a438-cad13b00779a,18b78868-60dc-4159-a5fc-88576d858e87,2025-10-06T14:19:53.000Z,2025-10-06T16:30:20.000Z,1,1,10,10,48,47
cfe32a0f-ea39-4172-b7c6-4afab275c105,929652fa-9ae5-41dc-9004-13cebac13584,2025-10-06T14:15:00.000Z,2025-10-06T16:30:17.000Z,1,1,10,5,57,84
0de86edf-a166-401e-8aee-b11241c90395,d849f9f9-568a-48c7-ab06-94ce7f55b2a4,2025-10-06T14:10:24.000Z,2025-10-06T16:30:12.000Z,1,1,10,9,58,58
38bd6970-1351-426e-9310-8551a404df31,701ddd71-4b00-4231-88fd-9f2bf24c70de,2025-10-06T14:07:38.000Z,2025-10-06T16:34:55.000Z,1,1,10,7,49,42
987251e8-e8cc-465b-b4e7-1c75d79b1d27,5c82ed7f-3288-43ec-9ae4-c389d4080945,2025-10-06T14:04:20.000Z,2025-10-06T16:34:52.000Z,1,1,10,6,69,66
b8b54ebf-691c-478a-9de5-4c61acc94480,036af5cd-79f3-4aa7-8409-e01771bbf90d,2025-10-06T13:38:25.000Z,2025-10-06T16:34:49.000Z,2,2,10,6,38,197
b06c637e-ff74-4d9e-92b2-f00193061781,4de6a200-7dcf-4696-8702-e35508732c7e,2025-10-06T13:26:23.000Z,2025-10-06T16:29:53.000Z,2,2,10,11,45,38
652aaf82-9061-4d49-8f56-fb71fc60a75a,9db89a68-47b0-43fe-a539-30d9df34b620,2025-10-06T13:16:37.000Z,2025-10-06T16:29:50.000Z,1,1,10,7,73,130
a13a4282-4369-4d59-820d-53d399c086e1,969cbdff-94fc-4d5f-b027-12d116a52758,2025-10-06T13:04:15.000Z,2025-10-06T16:29:46.000Z,1,1,10,5,58,90
100d2807-1646-4719-9b76-a996aa88d645,c1e271d0-a45c-43bc-9f77-e85185299ea2,2025-10-06T15:42:55.000Z,2025-10-06T16:17:57.000Z,1,1,14,6,51,170
75e22bc7-2201-4b50-b134-796895156b4f,71971a9f-2b61-4fd6-87f8-1cc9fb79880b,2025-10-06T15:40:48.000Z,2025-10-06T16:17:53.000Z,1,1,5.8,12,45,108
6a0a47d8-6017-4768-a35b-3878ee71ea2b,35dcde81-3d37-4c69-97e2-c5df4258b58f,2025-10-06T15:38:51.000Z,2025-10-06T16:17:49.000Z,1,1,10.2,9,40,66
b29609a9-ebed-48ab-8a5a-dfc153cde52c,e74b7ee8-601b-445d-a4ce-daa15b114c66,2025-10-06T15:53:35.000Z,2025-10-06T16:07:00.000Z,1,1,10.8,4,51,162
733eac2d-d1b5-4508-b60d-799333fdcc9f,ce7bbad8-abff-43eb-b641-9b3381dd51f8,2025-10-06T15:51:48.000Z,2025-10-06T16:06:55.000Z,1,1,14.6,4,37,70
7f11ac0e-583c-46ff-9b56-ee4551110b9d,967ffd34-8602-42cc-a52f-f1d8c7424805,2025-10-06T15:50:57.000Z,2025-10-06T16:06:51.000Z,1,1,10.2,5,23,41
56a1f03f-4b6a-4427-8f27-336751dbb40b,efde29cc-d8d8-4fae-95d4-176c2a4d6cb9,2025-10-06T15:43:18.000Z,2025-10-06T16:06:45.000Z,2,2,12.6,2,33,100
b87517e6-d247-445f-86d0-fb86bf5cc082,efde29cc-d8d8-4fae-95d4-176c2a4d6cb9,2025-10-06T15:42:42.000Z,2025-10-06T16:03:58.000Z,1,1,12.6,2,46,88
0efdd1ea-8649-4bba-8549-48da87dbf6d6,5c983700-501b-42cd-b8f4-8f2b2550070c,2025-10-06T15:42:09.000Z,2025-10-06T16:03:53.000Z,1,1,11.6,3,59,120
805b6301-dc0d-496b-bc88-60f2569bf7ad,a5824128-f964-42ed-8a0e-b145031d9c4b,2025-10-06T15:40:19.000Z,2025-10-06T16:03:49.000Z,2,2,10.6,4,57,58
7ff71f00-66be-44b0-8d66-c30a32f075a9,a5824128-f964-42ed-8a0e-b145031d9c4b,2025-10-06T15:39:18.000Z,2025-10-06T16:03:47.000Z,1,1,10.6,4,47,35
f54c09b9-20e3-42fe-9689-8d1123698840,92401ee5-35b9-4765-8fbd-f18ce1d17458,2025-10-06T15:38:41.000Z,2025-10-06T16:03:42.000Z,1,1,15.2,2,71,203
0fd83333-cd2b-4710-83a6-9ca579b690a9,574a6206-349a-440d-b6bd-55a37baf6a13,2025-10-06T15:28:34.000Z,2025-10-06T16:03:36.000Z,3,3,18.2,5,43,112
4b22c355-15f0-415b-838f-6372b50e633e,574a6206-349a-440d-b6bd-55a37baf6a13,2025-10-06T15:27:56.000Z,2025-10-06T16:03:34.000Z,2,2,18.2,5,41,100
d12037ef-599d-41b5-9f6e-0951eea7f871,574a6206-349a-440d-b6bd-55a37baf6a13,2025-10-06T15:26:08.000Z,2025-10-06T16:03:32.000Z,1,1,18.2,5,46,183
11d4d50b-8842-46b6-8f24-b16a414e9eb7,f8a8ef34-904c-4cc8-bd19-5c4cebab7028,2025-10-06T15:25:21.000Z,2025-10-06T15:57:31.000Z,1,1,12.1,10,25,45
5f357836-4ea0-438f-a621-717e6f7d7f38,d5d831b6-8bdb-4374-a380-9b04139ce997,2025-10-06T15:24:18.000Z,2025-10-06T15:57:27.000Z,1,1,10.2,4,41,62
21989453-e00c-4d80-8286-7c6bd7f5d3e3,29975bb8-79e8-470e-9259-28f4f61ed9d8,2025-10-06T15:22:59.000Z,2025-10-06T15:57:23.000Z,1,1,10.4,12,44,33
3175890c-ca9f-47b2-a535-053ea9714799,ee986d39-d1f2-47cf-94b6-046d85059611,2025-10-06T15:11:12.000Z,2025-10-06T15:57:17.000Z,1,1,14.3,5,53,245
3b598915-6a17-4881-a198-1dd0b5a5f6c1,4ed28725-e660-4e22-abb0-413d90329d29,2025-10-06T15:10:45.000Z,2025-10-06T15:57:13.000Z,1,1,13.4,5,41,86
b56e7772-3d2a-4861-aa62-fb6df74d5216,f636c5a8-3143-4ac0-8560-36400d475c1d,2025-10-06T15:08:28.000Z,2025-10-06T15:57:09.000Z,1,1,15,4,47,71
5827060c-9e3d-471a-8870-b112ce1caa21,5d567de8-a836-47d2-9379-eab4d2310408,2025-10-06T15:10:14.000Z,2025-10-06T15:57:03.000Z,3,3,10,24,37,100
e3345006-1cc7-4d34-8c22-8a0cb01dbba5,5d567de8-a836-47d2-9379-eab4d2310408,2025-10-06T15:09:40.000Z,2025-10-06T15:57:01.000Z,2,2,10,24,46,94
ecc8aa70-f3b5-45ab-acaf-ea6db6932b77,5d567de8-a836-47d2-9379-eab4d2310408,2025-10-06T15:09:04.000Z,2025-10-06T15:56:59.000Z,1,1,10,24,35,121
9bcee3f4-8d51-4ce8-8204-f8ffb03507bd,586b4281-a4bc-4caf-968e-d9bca4e08b1f,2025-10-06T14:54:23.000Z,2025-10-06T15:56:52.000Z,1,1,17.3,1,46,152
80781e72-9be5-46d5-801b-d4877279bc78,6f995c3f-1aee-426c-9e22-855956f954dc,2025-10-06T14:53:07.000Z,2025-10-06T15:56:48.000Z,1,1,16.3,5,46,320
29307e51-5c1f-4ad9-a9b9-dad76c165356,2bfe80df-5b65-4bfa-863c-ad85cd63939f,2025-10-06T14:52:03.000Z,2025-10-06T15:56:44.000Z,1,1,17.5,3,45,270
0654adce-d979-476f-8412-0e6a02bef8d2,e0bd1278-b1fe-4e79-b45b-c4f2e8e4652a,2025-10-06T14:56:01.000Z,2025-10-06T15:56:39.000Z,1,1,15.9,3,57,230
d8d9b6b7-1e22-4b81-ab5d-b1ffddf0d0c7,22f8161d-84bf-4df5-8131-d65c7be207df,2025-10-06T14:19:22.000Z,2025-10-06T15:56:33.000Z,1,1,16.5,1,67,126
f9c11c06-7f5f-4379-97a4-e22122252812,5afd7694-6679-4e25-9d14-e66ad521daf2,2025-10-06T14:13:43.000Z,2025-10-06T15:56:28.000Z,3,3,12.1,12,48,106
d247ca38-562d-43fd-94fa-83187ce653c3,5afd7694-6679-4e25-9d14-e66ad521daf2,2025-10-06T14:12:55.000Z,2025-10-06T15:56:26.000Z,2,2,12.1,12,54,76
4ff9ce2e-b9c3-4250-831e-8837a89f8acc,5afd7694-6679-4e25-9d14-e66ad521daf2,2025-10-06T14:12:24.000Z,2025-10-06T15:56:24.000Z,1,1,12.1,12,48,70
27140a5d-1173-417f-be85-f26d95812a90,55a0ef18-70f4-4f68-af4a-e4e801f187e8,2025-10-06T14:21:07.000Z,2025-10-06T15:56:19.000Z,1,1,16.5,3,67,160
010e7f62-3aa5-40ba-b731-e6b628d348ef,387b5b95-1c5a-4732-af05-b56b052e40f6,2025-10-06T14:15:31.000Z,2025-10-06T15:56:15.000Z,1,1,15.8,1,51,164
43039f9c-247f-4700-b9fa-8d3bca99dd1c,920c8cb8-5c52-4d97-86ef-c7e715350bb1,2025-10-06T14:04:12.000Z,2025-10-06T15:56:08.000Z,2,2,26.6,11,51,89
7e830a9d-4eff-4f34-861b-33a7e79af9c7,920c8cb8-5c52-4d97-86ef-c7e715350bb1,2025-10-06T14:03:38.000Z,2025-10-06T15:56:06.000Z,1,1,26.6,11,49,105
c65395fd-2fea-4343-a100-a5d2dae65d77,efa45e41-12fe-4df1-b4d9-fffc09adb1d0,2025-10-06T14:00:13.000Z,2025-10-06T15:56:01.000Z,1,1,16.1,15,63,148
4aa878f7-1cc5-401f-83f6-1126902d4e5b,03b54a9c-e724-4723-813d-07632a4aa72e,2025-10-06T13:57:19.000Z,2025-10-06T15:55:57.000Z,2,2,12.7,15,61,104
3a43a798-0033-4b2f-a936-e6c008767a7a,03b54a9c-e724-4723-813d-07632a4aa72e,2025-10-06T13:57:00.000Z,2025-10-06T15:55:55.000Z,1,1,12.7,14,61,119
1f6c552e-903a-4880-a501-db561bb9859a,05d9ab8f-3e94-4f85-b880-6dc9ee367147,2025-10-06T13:54:27.000Z,2025-10-06T15:55:51.000Z,1,1,11.6,12,53,80
2c4de343-9a13-43e5-b4a0-e23d5cd2c496,5d902b1d-bfa4-4920-b15a-3f93d9660448,2025-10-06T13:49:33.000Z,2025-10-06T15:55:44.000Z,1,1,10,12,57,154
3333143e-e7c5-4788-a650-852838243785,7ebfe019-1705-4ae6-aa92-6be04e99fd25,2025-10-06T13:50:49.000Z,2025-10-06T15:55:40.000Z,1,1,10,6,42,160
3fce376f-b71a-4d29-ba58-47af5e43815d,a991008e-4c2b-4dde-b1ff-5b10e4f1e5b9,2025-10-06T13:51:14.000Z,2025-10-06T15:55:36.000Z,1,1,10,4,60,163
c8ff311a-36cc-4152-a90c-5898da8e26de,0352a7da-6b3c-46f1-881f-e19be6239241,2025-10-06T13:51:54.000Z,2025-10-06T15:55:32.000Z,1,1,10,9,43,130
488d7f10-1551-48c9-8fba-1fbe8d19d0fe,4778f919-e59a-4790-8563-54d5129b0dc1,2025-10-06T13:35:11.000Z,2025-10-06T15:55:24.000Z,1,1,10,7,55,160
bd04020a-afc4-4069-b7fb-5ed35ba94b49,a0f238a0-fb93-4c38-90c7-d40db7ac7029,2025-10-06T13:33:24.000Z,2025-10-06T15:55:20.000Z,1,1,10,9,53,90
9e9c61ee-5570-4cda-bab7-e91121ea06e8,537488e9-6b1f-481e-b7d0-836efa450e5c,2025-10-06T13:28:27.000Z,2025-10-06T15:55:16.000Z,2,2,10,15,62,50
7d316df0-dbce-4f29-a335-7649b36e0011,537488e9-6b1f-481e-b7d0-836efa450e5c,2025-10-06T13:27:25.000Z,2025-10-06T15:55:15.000Z,1,1,10,15,62,110
b0833ca5-cf03-41c3-826f-32c272e222ba,18d6d391-8612-4cf0-9de4-67e0eaf76b33,2025-10-06T13:19:48.000Z,2025-10-06T15:55:10.000Z,1,1,10,15,48,60
d7deb68e-d272-4d2f-82b7-76af6bf26742,d2c1781e-78f0-48ed-80c5-d0ce5a7e2f28,2025-10-06T13:02:45.000Z,2025-10-06T15:55:03.000Z,1,1,13.9,4,62,94
615bb4af-7faf-4ec4-a3f6-db412eeab474,5098e68e-7261-42a9-b2e3-8b03b787a7e7,2025-10-06T13:08:49.000Z,2025-10-06T15:54:58.000Z,1,1,10,11,31,60
245b2394-1ec4-4262-8d82-49a2b2b5fdc7,5098e68e-7261-42a9-b2e3-8b03b787a7e7,2025-10-06T13:08:12.000Z,2025-10-06T15:54:56.000Z,2,2,10,11,31,40
c7a04478-1035-4940-936a-0cfa3e69609b,7757348a-743e-4187-bf4f-be587380805f,2025-10-06T12:54:44.000Z,2025-10-06T15:54:51.000Z,1,1,15,10,32,45
b853cc03-1409-41ce-9bdd-249566501542,275f52b8-a068-4597-ad94-fcb41911aaea,2025-10-06T12:47:14.000Z,2025-10-06T15:54:47.000Z,1,1,20,13,50,148
13a35834-e51a-4eda-8031-c13451dec2df,1e0b177c-fae0-4ec8-a1a7-dc2d8418e105,2025-10-06T14:29:20.000Z,2025-10-06T15:36:03.000Z,1,1,12.7,3,65,127
da3c4ff0-f3fd-4377-8dce-52896a75f821,d2b48375-f80e-42dd-b327-5fe886b53c41,2025-10-06T14:28:01.000Z,2025-10-06T15:36:00.000Z,1,1,13.2,2,66,140
bb4cc6a0-1c8c-4957-9490-2d41d69252c5,13654beb-6a25-4247-9786-c253e96a5618,2025-10-06T14:23:34.000Z,2025-10-06T15:35:57.000Z,5,5,12,12,42,45
134547db-0c9a-4f00-84a7-86664dbedf9a,13654beb-6a25-4247-9786-c253e96a5618,2025-10-06T14:23:06.000Z,2025-10-06T15:35:55.000Z,4,4,12,12,42,35
e25e989e-d53d-4e08-9c65-26b181dde13e,13654beb-6a25-4247-9786-c253e96a5618,2025-10-06T14:22:41.000Z,2025-10-06T15:35:53.000Z,3,3,12,12,42,40
708a1e79-9517-4039-9772-57eec819d780,13654beb-6a25-4247-9786-c253e96a5618,2025-10-06T14:21:40.000Z,2025-10-06T15:35:52.000Z,2,2,12,12,42,30
5478e48a-c2a0-491c-9b2e-b75b9808d1c6,13654beb-6a25-4247-9786-c253e96a5618,2025-10-06T14:21:21.000Z,2025-10-06T15:35:50.000Z,1,1,12,12,42,32
950d7508-1c58-4a36-bbd7-a707b7958374,1a8d1130-2fd4-4293-ab5c-a4daa60dea5b,2025-10-06T15:29:05.000Z,2025-10-06T15:35:44.000Z,2,2,16.8,4,44,73
8310a240-68e3-4dc4-851c-1d175395cb06,1a8d1130-2fd4-4293-ab5c-a4daa60dea5b,2025-10-06T15:28:48.000Z,2025-10-06T15:35:43.000Z,1,1,16.7,4,44,79
d70eba52-903c-4c04-b386-fbc5019fdc03,c2c04925-00f5-4ed6-b59f-c72cdee3e679,2025-10-06T15:28:25.000Z,2025-10-06T15:35:40.000Z,1,1,9.5,8,65,231
6ecea822-e8f5-4f24-98cc-330274c6c67f,76a51462-bb56-4f49-8817-568756e5b779,2025-10-06T15:25:54.000Z,2025-10-06T15:35:35.000Z,2,2,12,5,26,50
6e218b3a-e821-4778-b61d-37e7cdb8b1db,76a51462-bb56-4f49-8817-568756e5b779,2025-10-06T15:25:35.000Z,2025-10-06T15:35:16.000Z,1,1,12,5,26,43
3b571764-a42f-48b6-aff3-e883021c5dad,34611018-f488-4456-929f-134ad5831fee,2025-10-06T15:24:30.000Z,2025-10-06T15:35:12.000Z,6,6,13.2,9,15,64
3fe8ffe9-ca59-4b68-928e-40abd71c1c7f,34611018-f488-4456-929f-134ad5831fee,2025-10-06T15:24:03.000Z,2025-10-06T15:35:11.000Z,5,5,13.2,9,15,105
daf771b5-1071-4bd9-bb65-4155be6b24b3,34611018-f488-4456-929f-134ad5831fee,2025-10-06T15:23:43.000Z,2025-10-06T15:35:09.000Z,4,4,13.2,9,15,65
dc37087a-d40e-4ac2-a330-2a00fd64d1d3,34611018-f488-4456-929f-134ad5831fee,2025-10-06T15:23:24.000Z,2025-10-06T15:35:07.000Z,3,3,13.2,9,15,92
73f2025c-8ae1-42b7-b7ae-ac164d02364f,34611018-f488-4456-929f-134ad5831fee,2025-10-06T15:23:03.000Z,2025-10-06T15:35:05.000Z,2,2,13.2,9,15,67
ae4fe7e1-38f1-41a4-8347-b67cb870b3bd,34611018-f488-4456-929f-134ad5831fee,2025-10-06T15:22:41.000Z,2025-10-06T15:35:03.000Z,1,1,13.2,9,15,40
b4ad6eb5-1b97-444d-b63d-ec390aac3fd7,ba32372b-c0b0-4238-8576-48aa21f0f0f4,2025-10-06T15:21:01.000Z,2025-10-06T15:34:58.000Z,2,2,12,14,22,168
0e75607a-4dbd-4db4-a61c-4cf7189604e4,ba32372b-c0b0-4238-8576-48aa21f0f0f4,2025-10-06T15:20:41.000Z,2025-10-06T15:34:56.000Z,1,1,12,14,22,99
1ff09695-2add-4b36-a84c-d7616580d23d,85ac0c75-59de-451e-bddd-7eb038eed185,2025-10-06T15:19:04.000Z,2025-10-06T15:34:51.000Z,2,2,12,3,26,33
87b5a630-1bb2-4a03-a5c6-e2495a39aca8,85ac0c75-59de-451e-bddd-7eb038eed185,2025-10-06T15:18:41.000Z,2025-10-06T15:34:49.000Z,1,1,12,3,26,54
4d06da6a-6e10-4241-80eb-e9004b1100a0,2df8b606-b07b-4fb9-84e3-f2c7a6f3e343,2025-10-06T15:17:04.000Z,2025-10-06T15:34:46.000Z,8,8,14.8,5,45,44
4a2e2988-fb54-47d2-a0a8-e8deea8ffcf6,2df8b606-b07b-4fb9-84e3-f2c7a6f3e343,2025-10-06T15:16:33.000Z,2025-10-06T15:34:45.000Z,7,7,14.8,5,45,72
1b87b43d-1530-44a4-8137-09e2b3b5da2e,2df8b606-b07b-4fb9-84e3-f2c7a6f3e343,2025-10-06T15:13:36.000Z,2025-10-06T15:34:43.000Z,3,3,14.8,5,45,71
a0c91ad3-9b7b-437b-a355-1cd132151ae2,2df8b606-b07b-4fb9-84e3-f2c7a6f3e343,2025-10-06T15:14:14.000Z,2025-10-06T15:34:41.000Z,4,4,14.8,5,45,60
cc968cb0-b0d2-4308-af68-0f0f7ff3efc5,2df8b606-b07b-4fb9-84e3-f2c7a6f3e343,2025-10-06T15:14:38.000Z,2025-10-06T15:34:39.000Z,5,5,14.8,5,45,69
90f0008c-5ff6-424c-af7b-2a1ff9ba6fa5,2df8b606-b07b-4fb9-84e3-f2c7a6f3e343,2025-10-06T15:15:17.000Z,2025-10-06T15:34:38.000Z,6,6,14.8,5,45,66
2cff5b84-dfe9-4267-b471-6fe4c63eecfd,2df8b606-b07b-4fb9-84e3-f2c7a6f3e343,2025-10-06T15:12:11.000Z,2025-10-06T15:34:36.000Z,2,2,14.8,5,45,69
b4fd41ca-f034-49ca-9299-0769e925b7a0,2df8b606-b07b-4fb9-84e3-f2c7a6f3e343,2025-10-06T15:11:47.000Z,2025-10-06T15:34:35.000Z,1,1,14.8,5,45,45
70cbb8c4-fdf6-4361-8ca4-a2794b91638c,fee3b96f-c53d-4c87-91d5-d43a5c7d487f,2025-10-06T15:09:26.000Z,2025-10-06T15:34:31.000Z,1,1,0.5,12,5,39
8996e5a6-2b79-4b57-ae9a-e8842af0f6c8,0aa304cc-3732-4678-818a-1f1f26abfcb3,2025-10-06T15:07:23.000Z,2025-10-06T15:34:28.000Z,1,1,12,8,70,380
5f889e9c-5174-4598-9803-28d073b0570e,dedaa7bf-7951-4362-b7a5-61a424f6c99b,2025-10-06T14:03:50.000Z,2025-10-06T15:34:23.000Z,3,3,12,11,24,35
d30249ae-caa1-4db1-a058-67a616dd8b39,dedaa7bf-7951-4362-b7a5-61a424f6c99b,2025-10-06T14:03:36.000Z,2025-10-06T15:34:21.000Z,2,2,12,11,24,40
bc866cd6-1d84-459c-b81b-c7c0eb8a93ca,dedaa7bf-7951-4362-b7a5-61a424f6c99b,2025-10-06T14:03:19.000Z,2025-10-06T15:34:20.000Z,1,1,12,11,24,32
e8aed2f9-2008-4de3-bde4-2114207b6b2e,15316c88-4827-4b59-8f00-853eab72f883,2025-10-06T14:02:28.000Z,2025-10-06T15:34:15.000Z,1,1,12,0,86,216
5f328c20-f59c-4bfc-8d99-11331b746766,e0fab41b-d442-421c-8c11-d90c51e4e114,2025-10-06T14:01:35.000Z,2025-10-06T15:34:11.000Z,1,1,12,10,53,164
e2e4af97-7141-4828-8eda-761e92f63bb8,8876320d-9247-4243-98ba-a4f629b08875,2025-10-06T14:00:44.000Z,2025-10-06T15:34:08.000Z,2,2,12,11,44,60
5cb8b4a1-bf46-4bd8-814c-c28da218052b,8876320d-9247-4243-98ba-a4f629b08875,2025-10-06T14:00:21.000Z,2025-10-06T15:34:06.000Z,1,1,12,11,44,83
4f82427e-4f35-4540-9c6d-3bf4f176dfe0,bcb9275f-e78f-4075-9e86-2dab2122830b,2025-10-06T13:59:26.000Z,2025-10-06T15:34:03.000Z,1,1,12,8,61,176
24950d2c-b06c-4679-a3f7-8c1834305504,09f2dc33-1b08-4ed5-a0e0-63ac8fea7b63,2025-10-06T13:58:12.000Z,2025-10-06T15:33:57.000Z,1,1,12,6,43,47
09ee4089-fefd-4189-bae8-066742ed8a20,0ca90f7e-bba7-4e7a-8c06-8a03718415a7,2025-10-06T13:57:18.000Z,2025-10-06T15:33:54.000Z,1,1,12,9,65,153
93c8cd63-bf73-4a4e-a452-293907b1fdd2,9fab6d99-0734-4aea-ac25-7fc3b037e7fe,2025-10-06T13:56:02.000Z,2025-10-06T15:33:51.000Z,2,2,12,7,37,34
a7606863-2424-4537-9191-ca17d71d4760,9fab6d99-0734-4aea-ac25-7fc3b037e7fe,2025-10-06T13:55:48.000Z,2025-10-06T15:33:49.000Z,1,1,12,7,37,37
7047f1a6-b79b-4123-950d-cb672d86765c,b88e7209-e9b3-49c5-bafe-8da5e8430378,2025-10-06T13:53:07.000Z,2025-10-06T15:33:44.000Z,1,1,12,0,57,109
f217caa7-3ecd-4f52-950a-750971298afa,0009cdf9-ceca-4058-9319-1232e9d1ff75,2025-10-06T13:25:14.000Z,2025-10-06T15:33:41.000Z,8,8,129,9,36,31
d617115f-0c49-48e4-bcbd-7b822f9afe46,0009cdf9-ceca-4058-9319-1232e9d1ff75,2025-10-06T13:24:55.000Z,2025-10-06T15:33:40.000Z,7,7,12,9,36,37
5c01bfa4-e720-4438-b7f5-ac734ad28c68,0009cdf9-ceca-4058-9319-1232e9d1ff75,2025-10-06T13:24:32.000Z,2025-10-06T15:33:38.000Z,6,6,12,9,36,32
574825d1-ff1b-46fa-b776-8ed6e64b5ae6,0009cdf9-ceca-4058-9319-1232e9d1ff75,2025-10-06T13:24:14.000Z,2025-10-06T15:33:36.000Z,5,5,12,9,36,33
a529cdca-c1e6-4f75-8dcc-949a7f7f8edc,0009cdf9-ceca-4058-9319-1232e9d1ff75,2025-10-06T13:23:56.000Z,2025-10-06T15:33:35.000Z,4,4,12,9,36,40
175d8ee7-db7d-4600-ac04-83db97a0bb9f,0009cdf9-ceca-4058-9319-1232e9d1ff75,2025-10-06T13:23:37.000Z,2025-10-06T15:33:33.000Z,3,3,12,9,36,37
3af8ffe2-f503-40e7-9133-b457c5645059,0009cdf9-ceca-4058-9319-1232e9d1ff75,2025-10-06T13:23:14.000Z,2025-10-06T15:33:31.000Z,2,2,12,9,36,36
2e2252d2-1604-4381-b00d-b78d58cc2807,0009cdf9-ceca-4058-9319-1232e9d1ff75,2025-10-06T13:22:43.000Z,2025-10-06T15:33:30.000Z,1,1,12,9,36,38
fcb96927-f321-471c-83ab-0924d4af6913,f5073ae1-0d2d-4643-ae81-2a4bee781848,2025-10-06T13:01:40.000Z,2025-10-06T15:33:26.000Z,1,1,12,13,61,140
3692f917-5048-47ce-a315-5da9110762c9,823f8f86-ce3f-4cb5-8cc7-288ffbd1ae71,2025-10-06T12:59:28.000Z,2025-10-06T15:33:23.000Z,1,1,12,5,51,110
05607446-7999-4492-8c12-0c544ed0c0a1,f71f4750-a1f0-4c6b-a107-b21cc2b768b6,2025-10-06T12:55:46.000Z,2025-10-06T15:33:18.000Z,1,1,12,1,45,46
33bc8086-e6ff-4aaf-bd96-5d7e95c5c43a,514e8e44-c8ed-452b-8ba6-83561c9abea2,2025-10-06T15:31:48.000Z,2025-10-06T15:33:18.000Z,2,2,10,9,46,60
dbdc7a23-6464-48c5-bc35-2c862d1de324,514e8e44-c8ed-452b-8ba6-83561c9abea2,2025-10-06T15:31:22.000Z,2025-10-06T15:33:16.000Z,1,1,10,9,46,30
c37b8522-6cf0-450b-aa53-2eecf7d87894,331d5036-c7e7-4369-a513-1fce7c2a271a,2025-10-06T12:50:55.000Z,2025-10-06T15:33:15.000Z,1,1,12,4,36,30
054358af-5a88-495e-bc5c-46d747556e27,b0f2fbd7-f4ed-4541-bf9e-9bf1356b6236,2025-10-06T15:29:02.000Z,2025-10-06T15:33:12.000Z,3,3,9,4,42,44
54e2d031-1951-48fd-bdf7-5710eed00e0f,f315d41a-737c-4384-a309-b9ced35fb37f,2025-10-06T12:42:45.000Z,2025-10-06T15:33:12.000Z,5,5,12,3,37,30
0ea4999b-312f-4fa1-af99-9e9c4fa5c551,f315d41a-737c-4384-a309-b9ced35fb37f,2025-10-06T12:42:29.000Z,2025-10-06T15:33:10.000Z,4,4,12,3,37,38
6d5b90e5-f81d-40ea-af30-52f4c6b2e24b,b0f2fbd7-f4ed-4541-bf9e-9bf1356b6236,2025-10-06T15:28:42.000Z,2025-10-06T15:33:09.000Z,2,2,9,4,42,55
3be1383c-5463-4327-ab92-845f4991a29e,f315d41a-737c-4384-a309-b9ced35fb37f,2025-10-06T12:42:11.000Z,2025-10-06T15:33:08.000Z,3,3,12,3,37,39
5f57bd95-5324-492c-a4a3-b2cb2991a041,b0f2fbd7-f4ed-4541-bf9e-9bf1356b6236,2025-10-06T15:28:24.000Z,2025-10-06T15:33:07.000Z,1,1,9,4,42,43
86a6abd3-82bc-439f-9024-c28e217fb9a2,f315d41a-737c-4384-a309-b9ced35fb37f,2025-10-06T12:41:37.000Z,2025-10-06T15:33:07.000Z,2,2,12,3,37,38
993321f5-64cb-4af9-b6c1-8b658279d0e0,f315d41a-737c-4384-a309-b9ced35fb37f,2025-10-06T12:41:15.000Z,2025-10-06T15:33:05.000Z,1,1,12,3,37,30
465adcba-f650-40b4-b7e0-a276ad6d800e,75ee9f7b-38d9-47af-8bc9-1a4f671b20f7,2025-10-06T15:16:21.000Z,2025-10-06T15:33:03.000Z,1,1,16,4,45,170
36c8e085-effd-4c29-b6dd-84a73f6ea6ff,6dd5bd68-4799-4858-834e-c9d7a19ebe1b,2025-10-06T12:06:58.000Z,2025-10-06T15:33:02.000Z,1,1,12,4,45,100
5328fb55-f35d-4eef-b13f-3f35850c0c05,bd12d057-0c55-4976-9e7e-b8dab050b077,2025-10-06T15:11:26.000Z,2025-10-06T15:32:59.000Z,2,2,11.8,11,52,185
cba64915-8d00-416c-9ccd-b2c24644e4bd,bd12d057-0c55-4976-9e7e-b8dab050b077,2025-10-06T15:11:06.000Z,2025-10-06T15:32:56.000Z,1,1,11.8,11,52,60
f845bb8c-2273-4ed3-8bc3-fb4cafb65cbf,84149b2e-3206-4281-be29-02907ce42849,2025-10-06T15:03:24.000Z,2025-10-06T15:16:35.000Z,1,1,10.7,29,9,75
ac0e23c4-5e91-42f9-a0be-776c15b9388c,c6406910-8b1a-420d-b815-fd9ca19b51ae,2025-10-06T15:00:18.000Z,2025-10-06T15:16:31.000Z,1,1,9.3,4,21,30
0aced71f-cc1b-40cb-a18d-639010181d8f,e5441214-6c9f-45db-9f36-ff2d816f2d6a,2025-10-06T14:58:57.000Z,2025-10-06T15:16:27.000Z,1,1,10,8,31,82
96623b66-c888-47b4-b580-b3914f76d253,76a69120-cbd8-40fb-9ffd-22f62587ae6a,2025-10-06T14:57:31.000Z,2025-10-06T15:16:23.000Z,3,3,11.1,34,9,39
b6f58e96-5df5-4928-8d2b-e8a1c8280366,76a69120-cbd8-40fb-9ffd-22f62587ae6a,2025-10-06T14:56:37.000Z,2025-10-06T15:16:21.000Z,2,2,,,,56
62eb0ea0-3329-4ab2-aa3c-a629b8875494,76a69120-cbd8-40fb-9ffd-22f62587ae6a,2025-10-06T14:56:23.000Z,2025-10-06T15:16:19.000Z,1,1,,,,36
1334e3f8-1062-4284-af4f-c4641f88036e,5bf72cec-68f0-4183-b300-e0a08105d5bc,2025-10-06T14:51:45.000Z,2025-10-06T15:16:13.000Z,1,1,10.4,1,19,54
aaee9b7b-bd26-4306-87fe-5b92c2974ae6,3568f767-d8ac-4276-88de-d50863affc01,2025-10-06T14:50:37.000Z,2025-10-06T15:16:09.000Z,2,2,10.7,5,33,31
86a092c5-9df6-419c-a529-f500da2cba5e,3568f767-d8ac-4276-88de-d50863affc01,2025-10-06T14:49:37.000Z,2025-10-06T15:16:07.000Z,1,1,,,,45
194bf27b-fb6d-448b-b637-a6917e2b5511,e4a7de75-fb51-4e60-88a3-b0bf68e0da10,2025-10-06T14:47:06.000Z,2025-10-06T15:16:03.000Z,1,1,13,9,41,190
11ee9916-3922-4d46-a623-62b60387946e,25a688bc-9421-45d2-9996-ab73a28ddd3c,2025-10-06T14:42:53.000Z,2025-10-06T15:15:56.000Z,1,1,14.5,38,9,97
12e494c8-c408-4565-800a-b4e944c5a88f,25a688bc-9421-45d2-9996-ab73a28ddd3c,2025-10-06T14:43:05.000Z,2025-10-06T15:15:54.000Z,2,2,,,,111
170e64d3-179e-47b4-a54f-1477494eda7f,01e5a1ac-25af-4fd9-b8dd-a552f4081b48,2025-10-06T14:41:49.000Z,2025-10-06T15:15:50.000Z,1,1,10.14,1,45,94
fcc16fdb-9ce8-47e8-b367-f88fc9ea5b34,e7836a1b-b34a-404a-8cf9-9a12947239ea,2025-10-06T14:39:46.000Z,2025-10-06T15:15:45.000Z,1,1,12.74,36,5,60
846d21a7-4ad7-4bb2-a328-5452a4d8a071,25cdc767-f6b9-4f63-982c-5674de1cf6f9,2025-10-06T14:37:24.000Z,2025-10-06T15:15:41.000Z,1,1,13.9,5,47,157
c0909854-18c3-4373-8f11-8ca5b41497fe,ef09f361-6ba0-4b66-bf54-554ed705eb73,2025-10-06T14:31:58.000Z,2025-10-06T15:15:35.000Z,1,1,,,,155
6bdaa607-69d6-4547-a560-9728f9950745,ef09f361-6ba0-4b66-bf54-554ed705eb73,2025-10-06T14:29:33.000Z,2025-10-06T15:15:33.000Z,2,2,13.6,10,39,70
7db5c44d-a1b8-4d6f-8f7f-b60bf6c8a364,6822e153-0871-48e0-b1e0-8722f7ac1f94,2025-10-06T14:27:05.000Z,2025-10-06T15:15:29.000Z,1,1,16.23,10,47,190
3e2052ce-8162-482b-a0e7-5752ccdac6e6,08bffd27-53a0-445a-ab62-19813dc09999,2025-10-06T14:22:43.000Z,2025-10-06T15:15:00.000Z,1,1,12.32,12,41,335
9dcb8781-f467-40e1-8da7-14e02fcc4abf,f64ad41c-a43a-4016-b853-5aec852e39f8,2025-10-06T14:18:13.000Z,2025-10-06T15:14:56.000Z,1,1,14.17,25,7,114
23c3c122-c829-4e5e-b961-2d0198440903,f4bf042e-2d64-48fc-8257-d663df0f31c8,2025-10-06T14:13:10.000Z,2025-10-06T15:14:52.000Z,1,1,19.6,9,39,120
f2c1285e-0d74-4212-b529-19b9d68aadf0,0f3db8c1-b493-42f8-bc8a-69f0a1d348d3,2025-10-06T14:08:42.000Z,2025-10-06T15:14:48.000Z,1,1,16,10,31,140
8cad9196-0809-4e4b-acc7-a98d4b014df7,695a02aa-d563-4ad1-b622-2a84a5a4b4c5,2025-10-06T13:44:31.000Z,2025-10-06T15:14:41.000Z,1,1,11.41,23,9,45
fb9560ca-6136-4351-a849-c4c71e3d64be,3f90ac6b-6fdf-4181-9c86-e1dfa78ff7ff,2025-10-06T13:39:57.000Z,2025-10-06T15:14:37.000Z,1,1,10.89,10,49,180
91a7e4d3-f524-4e05-b521-ff1b9cbac8f2,59932b26-a8af-4689-86d5-c3127f55eacc,2025-10-06T13:36:11.000Z,2025-10-06T15:14:33.000Z,1,1,11.1,7,19,48
25d84020-135c-4533-b376-e4d1d03824b5,17eb4a81-7ec6-466f-bb03-f592b3b2c17a,2025-10-06T13:29:13.000Z,2025-10-06T15:14:26.000Z,1,1,12.93,3,49,154
9f4523c8-9ce9-4b62-9f1a-34b2f87c8035,159537c3-494e-4722-b040-9ef14bfa752e,2025-10-06T13:20:49.000Z,2025-10-06T15:14:20.000Z,4,4,,,,30
8fa8f5fe-b5c7-47c0-b4d7-101789681c3c,159537c3-494e-4722-b040-9ef14bfa752e,2025-10-06T13:20:34.000Z,2025-10-06T15:14:18.000Z,3,3,,,,35
eb3395c3-ae14-46d4-b8a7-0edaebb3de68,159537c3-494e-4722-b040-9ef14bfa752e,2025-10-06T13:20:24.000Z,2025-10-06T15:14:16.000Z,2,2,,,,37
6449a4c7-0429-4373-b5e4-95c3a767e398,159537c3-494e-4722-b040-9ef14bfa752e,2025-10-06T13:20:10.000Z,2025-10-06T15:14:14.000Z,1,1,11.1,12,20,80
a8efb8a1-df9c-4ecb-87c7-d965c3dae99e,a2577bba-1079-4181-8a41-3ea05c7ab141,2025-10-06T13:11:48.000Z,2025-10-06T15:14:10.000Z,1,1,13,9,43,89
f2e7196e-4677-4bbe-acfb-485fb7e173ed,5ceebacb-207a-4d64-b3c5-f72fe08f7793,2025-10-06T13:01:12.000Z,2025-10-06T15:14:04.000Z,2,2,13.4,9,19,40
f325f289-c136-4f70-af7e-b5cc840609e4,5ceebacb-207a-4d64-b3c5-f72fe08f7793,2025-10-06T13:03:10.000Z,2025-10-06T15:14:01.000Z,4,4,,,,60
ceadbad6-58d1-47b7-8676-fc570486288e,5ceebacb-207a-4d64-b3c5-f72fe08f7793,2025-10-06T13:01:56.000Z,2025-10-06T15:13:58.000Z,3,3,,,,40
39e043d3-e61d-4d35-91e1-ae9655987789,5ceebacb-207a-4d64-b3c5-f72fe08f7793,2025-10-06T13:00:53.000Z,2025-10-06T15:13:56.000Z,1,1,,,,50
7172acfb-a009-47e3-954d-fe87a921a10e,e7168246-2eab-435c-942e-9b5948bc1b13,2025-10-06T12:53:42.000Z,2025-10-06T15:13:52.000Z,1,1,12.9,1,51,71
1f3882d1-4c1e-4bcd-afe2-39eace250481,e7168246-2eab-435c-942e-9b5948bc1b13,2025-10-06T12:53:55.000Z,2025-10-06T15:13:50.000Z,2,2,,,,58
5ba67756-74ec-46e6-9fbb-a0fe5d9d909a,e7168246-2eab-435c-942e-9b5948bc1b13,2025-10-06T12:54:05.000Z,2025-10-06T15:13:48.000Z,3,3,,,,40
4923672b-28dc-497d-a085-c422507a267a,9f4cca92-b7a6-4619-8eb3-828085334627,2025-10-06T12:46:04.000Z,2025-10-06T15:13:44.000Z,2,2,15.33,3,47,85
bb4fd5ef-58bd-473e-b52e-fd222687fb81,9f4cca92-b7a6-4619-8eb3-828085334627,2025-10-06T12:46:42.000Z,2025-10-06T15:13:42.000Z,5,5,,,,42
317bcb89-61a1-471b-a30f-09ef98522ce8,9f4cca92-b7a6-4619-8eb3-828085334627,2025-10-06T12:46:31.000Z,2025-10-06T15:13:40.000Z,4,4,,,,42
ed5c2af6-d2e7-42bc-9c29-09b8b4e09054,9f4cca92-b7a6-4619-8eb3-828085334627,2025-10-06T12:46:14.000Z,2025-10-06T15:13:38.000Z,3,3,,,,47
c80177a2-d856-4366-be45-fe63a380f8de,9f4cca92-b7a6-4619-8eb3-828085334627,2025-10-06T12:45:51.000Z,2025-10-06T15:13:36.000Z,1,1,,,,100
96b24195-28c0-4321-9a72-be7a63debb63,abe14095-29c3-4dff-81d2-72d5e20afcb7,2025-10-06T14:39:38.000Z,2025-10-06T15:06:08.000Z,1,1,10,15,55,45
a69587df-7b3a-4a37-9303-c7b50c26d3e6,76a7371b-bfdf-4ba5-8f74-60eb55515e31,2025-10-06T14:38:22.000Z,2025-10-06T15:06:04.000Z,1,1,6.1,10,49,55
4c4c57a4-5aec-4fda-bf35-03feee4c41bf,75df0c4e-c781-4ea8-9e9d-bfb62ed352db,2025-10-06T14:36:54.000Z,2025-10-06T15:06:00.000Z,1,1,10,14,51,44
79e958cc-b9c8-43c1-a66f-f4f0a0cf24a8,4afdea4a-5560-4be5-b6fc-25c17fb67621,2025-10-06T14:34:37.000Z,2025-10-06T15:05:56.000Z,1,1,10,11,46,50
67d7859e-e051-4be2-90b0-8f0775833d52,930587db-5057-499e-9ead-e8dfc7c952bf,2025-10-06T14:31:03.000Z,2025-10-06T15:05:49.000Z,1,1,10,13,41,47
25f68e1d-709e-45be-a4fb-e75b266862b0,29bd48ae-fecf-457e-a8dc-bb9a604dfa9d,2025-10-06T14:30:10.000Z,2025-10-06T15:05:45.000Z,1,1,10,15,52,45
fe02086c-da71-4a1f-b4f8-2e1d1b4f3da9,019fe015-89dc-44bb-9a92-afdf82abddf2,2025-10-06T14:28:55.000Z,2025-10-06T15:05:41.000Z,1,1,10,10,60,469
7fed3347-f40d-44ce-81c6-08ad3e8421a0,a6cde27d-81dd-4d6e-b06e-ddac243f1785,2025-10-06T14:26:11.000Z,2025-10-06T15:05:37.000Z,1,1,10,13,67,130
e8876a67-b893-4596-9635-f8a0f1acfc68,26d94d67-595a-4891-8306-409e910de896,2025-10-06T14:19:01.000Z,2025-10-06T15:05:31.000Z,1,1,10,8,55,120
9ea06846-e792-4235-9502-5061c220f1c3,58513dfb-8591-4e7b-985f-dbf09c1154ba,2025-10-06T14:14:42.000Z,2025-10-06T15:05:27.000Z,1,1,10,10,68,110
8bb151ea-42b0-431f-9bad-1bb2fa829211,fb0a8d89-a51d-4649-a961-1fe55f45b5e5,2025-10-06T14:12:36.000Z,2025-10-06T15:05:23.000Z,1,1,10,14,50,110
3bd84b8f-9a98-4e95-ab4b-7fdd8101eac8,da2f21ca-5844-4d14-964a-2e50e1aa9f72,2025-10-06T14:20:58.000Z,2025-10-06T15:05:19.000Z,1,1,10,12,65,110
e2a7fe56-cead-4bd2-9b1f-be60dc9a07fe,a797f3f9-23fa-4cf4-ab85-4624bbe2939c,2025-10-06T14:00:09.000Z,2025-10-06T15:05:13.000Z,1,1,10,2,40,38
0bcaf83b-b020-4ee6-a19e-d91ecf72760d,213c8a01-055c-4e57-bfcb-0d2d102a6f92,2025-10-06T13:58:53.000Z,2025-10-06T15:05:08.000Z,1,1,10,1,40,59
c0eb1c99-6cd1-4ed7-84e9-77f48bf98fac,a42afd8d-411c-45c4-8995-a7f179fa78c4,2025-10-06T13:51:41.000Z,2025-10-06T15:05:02.000Z,1,1,10,11,40,30
17ae267b-4279-471e-b6b7-000c2e685987,373f0fba-3b6b-419f-95e8-82e3ce7f3dea,2025-10-06T13:53:24.000Z,2025-10-06T15:04:57.000Z,1,1,10,10,53,58
1325860f-feb6-4180-b1fc-bf84f2fb1785,9b16bcbf-f703-4934-8f14-a6eac99e437d,2025-10-06T13:48:00.000Z,2025-10-06T15:04:51.000Z,1,1,10,11,40,56
d934ee74-836e-4b6a-9ae4-4ce0447794a1,5ed729b9-2841-487a-a643-d4d7f9730551,2025-10-06T13:45:15.000Z,2025-10-06T15:04:47.000Z,1,1,10,4,52,68
5ae82c4f-77f1-44b6-ab6c-3228142c8585,5397f6b9-4fb2-4b84-b3c5-307a922b81be,2025-10-06T13:42:04.000Z,2025-10-06T15:04:43.000Z,1,1,10,15,43,121
20d85f77-6178-4131-8ff0-614482e99e03,83a9b51e-54c2-4b36-87aa-63bcb739849b,2025-10-06T13:40:00.000Z,2025-10-06T15:04:39.000Z,1,1,10,20,40,55
f7e6991f-4649-421c-93d2-ef63ef67490a,032ce083-9022-42e1-9ca8-5ad6cda21656,2025-10-06T13:17:51.000Z,2025-10-06T15:04:33.000Z,1,1,10,1,46,51
8a36542e-5ef9-4e09-bbd3-456e50c3a380,1b6ce3dc-3973-4625-a1f3-1a5129ae74f8,2025-10-06T14:47:31.000Z,2025-10-06T14:48:04.000Z,1,1,7,23,62,92
a680debd-464d-4547-b9e2-56f45217e479,c6aad0f8-0be2-4e99-9389-d93a4150c1e2,2025-10-06T14:45:32.000Z,2025-10-06T14:48:00.000Z,1,1,7,25,53,58
991d23a9-6fdc-43d0-99d4-1f91c981e696,8a2d5786-a93d-48b2-9d48-28f2f33d820a,2025-10-06T14:41:28.000Z,2025-10-06T14:47:56.000Z,1,1,11,19,61,168
182e8ab5-5508-4606-b206-14c3acceb3b8,adcbcaad-de12-4749-bee3-26ebfc0b264e,2025-10-06T14:37:34.000Z,2025-10-06T14:47:51.000Z,1,1,15,18,37,200
e1165ddc-4d2b-4436-828b-defe96fa27d6,82465a51-983e-4abe-81df-9970cd26604a,2025-10-06T14:25:30.000Z,2025-10-06T14:26:00.000Z,1,1,14,2,56,80
d0e8ddd2-a04e-4f9d-9576-f086d2c30e36,0ae910e2-d1ac-4851-b447-6e4cbc1bb270,2025-10-06T14:22:01.000Z,2025-10-06T14:25:55.000Z,1,1,5.3,12,55,33
a7d77897-1095-4158-9d2c-1cc299780c9c,bd2acc4a-26c4-4b26-a1e5-f938270f2167,2025-10-06T14:18:35.000Z,2025-10-06T14:25:51.000Z,1,1,8,4,58,67
fe6edaca-3938-4881-8be9-6e6ea262e6cf,b8e37795-fb2b-4eaa-b43d-7052b7994001,2025-10-06T14:15:06.000Z,2025-10-06T14:25:46.000Z,1,1,11,3,61,78
4760231d-fbb1-47cb-8d15-62d1083b7a91,6aaae57a-c7be-4d16-a07a-a924250ac5c3,2025-10-06T13:18:44.000Z,2025-10-06T15:04:29.000Z,1,1,10,6,67,59
2a94d1ce-5c92-4f9d-9544-c2d32ba4d892,af553841-f2a6-4dd6-8e16-2139adcc325a,2025-10-06T13:16:33.000Z,2025-10-06T14:08:15.000Z,1,1,5.6,3,40,30
ece1f2b2-fd67-497c-9daf-dce79c8edcb2,ff1a31d5-bd87-4142-bb6d-a284e480816c,2025-10-06T13:14:47.000Z,2025-10-06T14:08:11.000Z,1,1,10,8,70,100
a688eeb2-373f-4c36-b7a8-8ede6261d467,2b12cf90-f746-4870-bb71-0362537cfb30,2025-10-06T13:10:44.000Z,2025-10-06T14:08:03.000Z,1,1,10,9,52,160
637debd7-f7b5-4a20-b6db-5764faafb9bd,67992d42-2258-4e66-8ea3-2c53149e8282,2025-10-06T13:08:35.000Z,2025-10-06T14:07:58.000Z,1,1,10,6,75,95
b5057fe4-f910-4c5e-a3bc-87d1dcce6898,8c9a2656-7bfe-4302-8919-7d3c72351d77,2025-10-06T13:06:13.000Z,2025-10-06T14:07:54.000Z,1,1,10,4,27,104
7dbbfeea-1bb2-41a9-a2db-c16f15fa9c3b,3decca07-9294-4e74-99ff-584f112e04a3,2025-10-06T13:04:28.000Z,2025-10-06T14:07:50.000Z,1,1,10,9,52,75
d458fbdd-42fa-47aa-8135-1e610b7e4f3c,0ebf7230-88b6-41e4-8e5e-b8ff52ae609f,2025-10-06T13:00:36.000Z,2025-10-06T14:07:43.000Z,1,1,10,7,71,200
cc5d1a60-4c08-464e-90b4-f3edcaf6a36d,d621e3fc-9013-4253-8102-e5e83c40ca68,2025-10-06T12:58:27.000Z,2025-10-06T14:07:38.000Z,1,1,10,1,68,232
d0190ef3-7bd6-4149-bd8d-7ec38756784b,8cc71140-4a5c-4e48-b291-2d31974aef77,2025-10-06T12:54:03.000Z,2025-10-06T14:07:33.000Z,1,1,10,1,57,370
dee670b3-4f51-471d-b78e-c8bad81bc4ec,2823b8ce-5616-45a3-82c1-68e8b3535f98,2025-10-06T12:51:17.000Z,2025-10-06T14:07:29.000Z,1,1,10,5,62,51
1ef3ae99-d945-4405-ba57-5d34c86143f4,cc29f1f3-aebc-4e1c-acb6-90a1faa9a4b2,2025-10-06T12:45:29.000Z,2025-10-06T14:07:22.000Z,2,2,10,4,69,74
c45e94c3-71fb-412d-9b71-f13138c7a356,cc29f1f3-aebc-4e1c-acb6-90a1faa9a4b2,2025-10-06T12:45:00.000Z,2025-10-06T14:07:20.000Z,1,1,10,4,67,59
c7709dd6-d5f9-4296-a5e4-8eb7a891a18d,1dcb521b-15e4-45cd-b693-a345d52ad493,2025-10-06T12:42:39.000Z,2025-10-06T14:07:16.000Z,1,1,10,3,71,153
6e2f1fda-0849-4432-9971-d0a9d1e781b0,8125d4da-054a-4619-b810-3d2f8fc07dae,2025-10-06T12:38:53.000Z,2025-10-06T14:07:11.000Z,1,1,10,10,65,230
107dad8a-e126-4feb-a964-2919b0a8c76c,c2918981-6928-4e48-b321-7cf695e379c8,2025-10-06T12:33:26.000Z,2025-10-06T14:07:07.000Z,1,1,10,6,69,130
e9ba3e4e-8b02-4865-8e83-f8f17621115a,25425f74-2eb2-440c-bc97-3026d775313a,2025-10-06T12:23:52.000Z,2025-10-06T14:06:59.000Z,1,1,10,3,69,139
6e99b4e5-7990-46e5-87a8-4aed9aeb16ac,6f037f3d-abb2-4525-9318-926453f30721,2025-10-06T12:18:10.000Z,2025-10-06T14:06:54.000Z,1,1,10,5,17,30
811e876f-d95b-4cd8-89c7-3c26551ce4be,daf52678-8a23-4e8a-8668-55497d23f3e9,2025-10-06T12:01:54.000Z,2025-10-06T14:06:50.000Z,1,1,100,15,70,202
7ebea543-a171-47e0-a2f2-62b257b71d2f,746cc2bd-27db-49d6-9c8e-6244e50dd040,2025-10-06T12:11:23.000Z,2025-10-06T14:06:45.000Z,1,1,10,5,61,95
2a898ba7-18d2-4efd-bcff-b85222f3d455,c6984274-d76c-4456-af64-8fe48bdc7169,2025-10-06T14:04:57.000Z,2025-10-06T14:05:29.000Z,1,1,11.5,12,52,100
b660bc45-7aac-4eea-be98-5573219fd3fb,5c7292d1-cad5-45b7-878b-65dcdfdbdb2a,2025-10-06T13:59:25.000Z,2025-10-06T14:05:25.000Z,1,1,8,14,50,56
a13c258a-08dc-4426-bd88-1beea54c2bc9,8e3b7f42-be86-4fe4-9310-bb6cd45ee2bd,2025-10-06T13:55:49.000Z,2025-10-06T14:05:21.000Z,1,1,12.5,4,64,118
88863f84-45fb-43d3-9b1f-4a3403455503,0252e41f-3418-473c-b222-3aed37901820,2025-10-06T13:52:22.000Z,2025-10-06T14:05:17.000Z,1,1,15,3,49,98
8085258c-8445-4ca3-8fb8-38842d339cfe,d5b4e396-f615-4909-859e-d9ac5be95c56,2025-10-06T12:34:50.000Z,2025-10-06T15:13:30.000Z,1,1,15.1,8,43,350
09ee9972-45db-407f-b777-da994a7840c0,93716472-f3a2-416d-aa65-64a52a757e5b,2025-10-06T12:29:15.000Z,2025-10-06T14:04:50.000Z,1,1,14.5,14,45,320
206e25fd-6059-4171-8631-f9481f2c1829,775fcf45-86ab-4b6f-8898-ddaae3693c6d,2025-10-06T12:23:11.000Z,2025-10-06T14:04:46.000Z,1,1,11.95,5,61,150
8994b70c-558e-4d35-8ed0-0bdbd27eb343,58a97652-cdbc-4e3c-8a6a-c47792e99fe9,2025-10-06T12:14:06.000Z,2025-10-06T14:04:42.000Z,1,1,12.7,6,44,160
a1b5a4c8-7bbf-429b-a946-be41188607f7,c52c0ee5-e333-4be6-9445-7908c5a354c2,2025-10-06T13:38:40.000Z,2025-10-06T13:39:57.000Z,1,1,14,12,50,180
c931cfb0-9516-4b0c-b0bd-1a26691aee6f,332f7ee8-8d04-4e50-82df-ff2fd17d99d9,2025-10-06T13:35:14.000Z,2025-10-06T13:39:53.000Z,1,1,14.5,13,45,84
6a70a268-0d49-4fc3-b945-5d43845a80a7,b8b95b6e-9b8f-4ef6-9f01-777fbf6e4cbe,2025-10-06T13:29:52.000Z,2025-10-06T13:39:48.000Z,1,1,12,1,65,174
f1114ab9-20a0-4706-ae8a-106a96c96727,c4c7a020-8c28-4428-955a-c5575d8f7dfe,2025-10-06T13:26:12.000Z,2025-10-06T13:39:44.000Z,1,1,6.2,3,52,87
9196d8f1-cb74-4ff8-9419-ca6b0f9b6d85,0ab8fb67-7ef6-47f3-8dd7-73213dad2713,2025-10-06T13:17:26.000Z,2025-10-06T13:18:06.000Z,1,1,10,8,54,96
67809879-d4bc-49f4-8a0a-47850faa09f7,3e114368-e54c-4a56-800a-4523a470549e,2025-10-06T13:14:53.000Z,2025-10-06T13:18:01.000Z,1,1,11,6,62,110
6e805529-97ed-4489-a6c7-dc8e6fa88f8d,2e679083-ff3f-4ffe-92db-6e72a1b04f3c,2025-10-06T13:10:50.000Z,2025-10-06T13:17:57.000Z,2,2,4.3,6,48,39
71dcfb79-569e-4e78-b14e-ab3d3550397a,2e679083-ff3f-4ffe-92db-6e72a1b04f3c,2025-10-06T13:09:33.000Z,2025-10-06T13:17:55.000Z,1,1,12,6,48,110
a9942a9b-4a52-4486-8f33-a04c755a03c0,f1cb67cd-1d3c-44d7-a1c5-c4f545fade98,2025-10-06T12:56:56.000Z,2025-10-06T13:17:51.000Z,2,2,12,6,58,175
8300bec7-2b13-43b6-8fff-84e33539af7d,f1cb67cd-1d3c-44d7-a1c5-c4f545fade98,2025-10-06T12:55:21.000Z,2025-10-06T13:17:49.000Z,1,1,12,6,58,148
c5cc5d91-38d1-4d9c-a224-cd7a04c255b3,c71b8463-244c-4eb8-837d-5348f0e57281,2025-10-06T12:46:34.000Z,2025-10-06T12:54:20.000Z,1,1,10,13,31,30
